unit_id,member,iswr_slope_mean,iswr_direct_slope_mean,iswr_source_mean,sunlit_hours,sun_up_hours,ta_unit_mean_c,psum_slope_total,liquid_precip_slope_total,engine_step_min,numerical_retry
u000_001,0,18.913835271072553,0.0,35.88458333333333,0.0,23.25,-9.16399792063492,23.27213287652092,0.0,15.0,
u000_001,1,18.07913661387187,0.0,35.98205534321375,0.0,23.25,-9.901027258363534,25.137565325567262,0.0,15.0,
u000_001,2,20.999385369743916,0.0,29.61402623788356,0.0,23.25,-9.822283606221928,23.14707493391823,0.0,15.0,
u000_001,3,16.575693113636586,0.0,40.96251702798809,0.0,23.25,-9.206389327958867,24.983257586100763,0.0,15.0,
u000_001,4,16.93669792267643,0.0,39.60425654771478,0.0,23.25,-10.499510922845316,26.097399803991344,0.0,15.0,
u000_002,0,18.92100864451091,0.0,35.88458333333333,0.0,23.25,-9.170042456349202,23.27109150836172,0.0,15.0,
u000_002,1,18.08916638036258,0.0,35.98205534321375,0.0,23.25,-9.907071794077817,25.13644048409834,0.0,15.0,
u000_002,2,20.98570736227721,0.0,29.61402623788356,0.0,23.25,-9.828328141936211,23.14603916178068,0.0,15.0,
u000_002,3,16.6013527622405,0.0,40.96251702798809,0.0,23.25,-9.21243386367315,24.982139649506756,0.0,15.0,
u000_002,4,16.958379620577183,0.0,39.60425654771478,0.0,23.25,-10.505555458559598,26.096232012395365,0.0,15.0,
u000_003,0,18.91643098703357,0.0,35.88458333333333,0.0,23.25,-9.172778027777776,23.264575446769648,0.0,15.0,
u000_003,1,18.08344074535991,0.0,35.98205534321375,0.0,23.25,-9.909807365506389,25.129402112290943,0.0,15.0,
u000_003,2,20.986509657738022,0.0,29.61402623788356,0.0,23.25,-9.831063713364784,23.13955811568379,0.0,15.0,
u000_003,3,16.591119685630485,0.0,40.96251702798809,0.0,23.25,-9.215169435101725,24.975144482967213,0.0,15.0,
u000_003,4,16.949436196166932,0.0,39.60425654771478,0.0,23.25,-10.508291029988174,26.08892489252724,0.0,15.0,
u000_004,0,18.912071949397593,0.0,35.88458333333333,0.0,23.25,-9.16846481349206,23.276544260332592,0.0,15.0,
u000_004,1,18.078014645315285,0.0,35.98205534321375,0.0,23.25,-9.905494151220674,25.14233031420541,0.0,15.0,
u000_004,2,20.987015178042366,0.0,29.61402623788356,0.0,23.25,-9.826750499079068,23.151462612185316,0.0,15.0,
u000_004,3,16.58159291062787,0.0,40.96251702798809,0.0,23.25,-9.210856220816007,24.98799332470551,0.0,15.0,
u000_004,4,16.941088055474907,0.0,39.60425654771478,0.0,23.25,-10.503977815702456,26.10234673548374,0.0,15.0,
u000_005,0,18.900893197377357,0.0,35.88458333333333,0.0,23.25,-9.181252634920632,23.257682725124255,0.0,15.0,
u000_005,1,18.063451875944125,0.0,35.98205534321375,0.0,23.25,-9.918281972649247,25.12195688835933,0.0,15.0,
u000_005,2,20.995862837481397,0.0,29.61402623788356,0.0,23.25,-9.839538320507641,23.132702433599512,0.0,15.0,
u000_005,3,16.551290778795973,0.0,40.96251702798809,0.0,23.25,-9.22364404224458,24.96774496177808,0.0,15.0,
u000_005,4,16.915008224213825,0.0,39.60425654771478,0.0,23.25,-10.516765637131028,26.081195385589826,0.0,15.0,
u000_006,0,18.885399028167953,0.0,35.88458333333333,0.0,23.25,-9.21173082233223,23.224865114942027,0.0,15.0,
u000_006,1,18.043112841200355,0.0,35.98205534321375,0.0,23.25,-9.948760160060845,25.08650870558374,0.0,15.0,
u000_006,2,21.00994582619949,0.0,29.61402623788356,0.0,23.25,-9.870016507919239,23.100061176089053,0.0,15.0,
u000_006,3,16.507882647005804,0.0,40.96251702798809,0.0,23.25,-9.254122229656177,24.932514378793144,0.0,15.0,
u000_006,4,16.877738171082868,0.0,39.60425654771478,0.0,23.25,-10.547243824542626,26.044393675231717,0.0,15.0,
u001_000,0,19.031042340378434,0.0,35.88458333333333,0.0,23.25,-11.140169706349203,19.828816498389806,0.0,15.0,
u001_000,1,18.22894748139163,0.0,35.98205534321375,0.0,23.25,-11.877199044077818,21.418241838926605,0.0,15.0,
u001_000,2,20.894639052832257,0.0,29.61402623788356,0.0,23.25,-11.798455391936212,19.722261976348694,0.0,15.0,
u001_000,3,16.886256093966274,0.0,40.96251702798809,0.0,23.25,-11.18256111367315,21.28676528426798,0.0,15.0,
u001_000,4,17.20685721449987,0.0,39.60425654771478,0.0,23.25,-12.475682708559601,22.236060379344977,0.0,15.0,
u001_001,0,19.03850589439408,0.0,35.88458333333333,0.0,23.25,-11.159820877777772,19.702173714658493,0.0,15.0,
u001_001,1,18.23937067553812,0.0,35.98205534321375,0.0,23.25,-11.896850215506387,21.28144770553329,0.0,15.0,
u001_001,2,20.880653529763716,0.0,29.61402623788356,0.0,23.25,-11.81810656336478,19.596299735568167,0.0,15.0,
u001_001,3,16.912815667074526,0.0,40.96251702798809,0.0,23.25,-11.20221228510172,21.150810865987204,0.0,15.0,
u001_001,4,17.229301827788206,0.0,39.60425654771478,0.0,23.25,-12.495333879988168,22.094042998434396,0.0,15.0,
u001_002,0,19.047441558197384,0.0,35.88458333333333,0.0,23.25,-11.225175615277774,19.484662399210663,0.0,15.0,
u001_002,1,18.251774743334906,0.0,35.98205534321375,0.0,23.25,-11.962204953006388,21.046501259922536,0.0,15.0,
u001_002,2,20.864849506257176,0.0,29.61402623788356,0.0,23.25,-11.883461300864782,19.379957265182675,0.0,15.0,
u001_002,3,16.943903589479742,0.0,40.96251702798809,0.0,23.25,-11.267567022601721,20.917306646560583,0.0,15.0,
u001_002,4,17.255601371915695,0.0,39.60425654771478,0.0,23.25,-12.56068861748817,21.85012552893331,0.0,15.0,
u001_003,0,19.034074944307804,0.0,35.88458333333333,0.0,23.25,-11.154562865277775,19.703010425868335,0.0,15.0,
u001_003,1,18.23421099431836,0.0,35.98205534321375,0.0,23.25,-11.89159220300639,21.282351485294598,0.0,15.0,
u001_003,2,20.87683510747357,0.0,29.61402623788356,0.0,23.25,-11.812848550864784,19.59713195052565,0.0,15.0,
u001_003,3,16.906466166237657,0.0,40.96251702798809,0.0,23.25,-11.196954272601724,21.151709097867872,0.0,15.0,
u001_003,4,17.223482713247208,0.0,39.60425654771478,0.0,23.25,-12.490075867488173,22.094981287463586,0.0,15.0,
u001_004,0,19.026776393756197,0.0,35.88458333333333,0.0,23.25,-11.131326827777777,19.780568030563835,0.0,15.0,
u001_004,1,18.224809574624302,0.0,35.98205534321375,0.0,23.25,-11.868356165506391,21.36612590188426,0.0,15.0,
u001_004,2,20.881216358203638,0.0,29.61402623788356,0.0,23.25,-11.789612513364785,19.67427278231392,0.0,15.0,
u001_004,3,16.88772773925406,0.0,40.96251702798809,0.0,23.25,-11.173718235101726,21.234969262552802,0.0,15.0,
u001_004,4,17.207295783680518,0.0,39.60425654771478,0.0,23.25,-12.466839829988174,22.181954485335808,0.0,15.0,
u001_005,0,19.021438889035487,0.0,35.88458333333333,0.0,23.25,-11.134463402777776,19.825386631704383,0.0,15.0,
u001_005,1,18.218049908245504,0.0,35.98205534321375,0.0,23.25,-11.87149274050639,21.414537043224364,0.0,15.0,
u001_005,2,20.883125329424498,0.0,29.61402623788356,0.0,23.25,-11.792749088364785,19.71885054080894,0.0,15.0,
u001_005,3,16.87505491411527,0.0,40.96251702798809,0.0,23.25,-11.176854810101723,21.283083230571286,0.0,15.0,
u001_005,4,17.19627223177683,0.0,39.60425654771478,0.0,23.25,-12.469976404988172,22.23221412242307,0.0,15.0,
u001_006,0,19.018620679586416,0.0,35.88458333333333,0.0,23.25,-11.137965602777776,19.838196899910976,0.0,15.0,
u001_006,1,18.21468094787791,0.0,35.98205534321375,0.0,23.25,-11.87499494050639,21.428374148555015,0.0,15.0,
u001_006,2,20.88188122906396,0.0,29.61402623788356,0.0,23.25,-11.796251288364784,19.731591970211863,0.0,15.0,
u001_006,3,16.87015175579399,0.0,40.96251702798809,0.0,23.25,-11.180357010101725,21.296835396393412,0.0,15.0,
u001_006,4,17.191865303578847,0.0,39.60425654771478,0.0,23.25,-12.473478604988173,22.246579573701545,0.0,15.0,
u001_007,0,19.062421273004038,0.0,35.88458333333333,0.0,23.25,-11.604156540154012,18.811339351806314,0.0,15.0,
u001_007,1,18.27393306183531,0.0,35.98205534321375,0.0,23.25,-12.341185877882626,20.319206422825197,0.0,15.0,
u001_007,2,20.822926052817667,0.0,29.61402623788356,0.0,23.25,-12.262442225741019,18.71025246778842,0.0,15.0,
u001_007,3,17.00824059184802,0.0,40.96251702798809,0.0,23.25,-11.64654794747796,20.194476331813945,0.0,15.0,
u001_007,4,17.30935971307017,0.0,39.60425654771478,0.0,23.25,-12.939669542364406,21.095060195704598,0.0,15.0,
u002_000,0,18.93286406536119,0.0,35.88458333333333,3.75,23.25,-16.05308675992064,21.593292736843065,0.0,15.0,
u002_000,1,18.08958076497958,0.0,35.98205534321375,3.75,23.25,-16.790116097649253,23.324153812911554,0.0,15.0,
u002_000,2,21.05469258827227,0.0,29.61402623788356,3.75,23.25,-16.711372445507646,21.477256412282042,0.0,15.0,
u002_000,3,16.53754579677149,0.0,40.96251702798809,3.75,23.25,-16.095478167244586,23.180977757345868,0.0,15.0,
u002_000,4,16.91490477568802,0.0,39.60425654771478,3.75,23.25,-17.388599762131033,24.214746307441203,0.0,15.0,
u002_001,0,18.98736348709558,0.0,35.88458333333333,0.0,23.25,-16.358253240277776,20.606286665895304,0.0,15.0,
u002_001,1,18.163401427256535,0.0,35.98205534321375,0.0,23.25,-17.09528257800639,22.258031953053475,0.0,15.0,
u002_001,2,20.980944917019837,0.0,29.61402623788356,0.0,23.25,-17.016538925864786,20.49555423630704,0.0,15.0,
u002_001,3,16.709944973154883,0.0,40.96251702798809,0.0,23.25,-16.400644647601723,22.12140032022961,0.0,15.0,
u002_001,4,17.061537395744917,0.0,39.60425654771478,0.0,23.25,-17.69376624248817,23.107916427293965,0.0,15.0,
u002_002,0,19.123372592338615,0.0,35.88458333333333,0.0,23.25,-17.197548027777778,18.18840662339298,0.0,15.0,
u002_002,1,18.346986528448685,0.0,35.98205534321375,0.0,23.25,-17.934577365506392,19.646341059044026,0.0,15.0,
u002_002,2,20.804592592015418,0.0,29.61402623788356,0.0,23.25,-17.855833713364785,18.090667205884003,0.0,15.0,
u002_002,3,17.13422587632522,0.0,40.96251702798809,0.0,23.25,-17.239939435101725,19.52574137334075,0.0,15.0,
u002_002,4,17.422713381398157,0.0,39.60425654771478,0.0,23.25,-18.533061029988172,20.39650263114224,0.0,15.0,
u002_003,0,18.981739948521962,0.0,35.88458333333333,0.0,23.25,-16.347375327777776,20.63958007225878,0.0,15.0,
u002_003,1,18.156650601352098,0.0,35.98205534321375,0.0,23.25,-17.08440466550639,22.293994070570296,0.0,15.0,
u002_003,2,20.978379432132797,0.0,29.61402623788356,0.0,23.25,-17.005661013364787,20.52866873320295,0.0,15.0,
u002_003,3,16.70010981009911,0.0,40.96251702798809,0.0,23.25,-16.389766735101723,22.157141683151124,0.0,15.0,
u002_003,4,17.052740235461343,0.0,39.60425654771478,0.0,23.25,-17.68288832998817,23.145251696102992,0.0,15.0,
u002_004,0,18.92523773326821,0.0,35.88458333333333,0.0,23.25,-16.05638332777777,21.57545913644863,0.0,15.0,
u002_004,1,18.080991391144224,0.0,35.98205534321375,0.0,23.25,-16.793412665506384,23.304890718407762,0.0,15.0,
u002_004,2,21.044574227460952,0.0,29.61402623788356,0.0,23.25,-16.71466901336478,21.459518644675533,0.0,15.0,
u002_004,3,16.529399406937788,0.0,40.96251702798809,0.0,23.25,-16.098774735101717,23.161832909956686,0.0,15.0,
u002_004,4,16.907107703397788,0.0,39.60425654771478,0.0,23.25,-17.391896329988167,24.194747684972533,0.0,15.0,
u002_005,0,18.920293629331088,0.0,35.88458333333333,0.0,23.25,-16.050006340277776,21.594892284337625,0.0,15.0,
u002_005,1,18.07476870263259,0.0,35.98205534321375,0.0,23.25,-16.78703567800639,23.325881575890953,0.0,15.0,
u002_005,2,21.045811974585547,0.0,29.61402623788356,0.0,23.25,-16.708292025864782,21.47884736425509,0.0,15.0,
u002_005,3,16.51806349113535,0.0,40.96251702798809,0.0,23.25,-16.092397747601723,23.1826949143976,0.0,15.0,
u002_005,4,16.897219840157693,0.0,39.60425654771478,0.0,23.25,-17.38551934248817,24.216540042063315,0.0,15.0,
u002_006,0,18.91981041283189,0.0,35.88458333333333,0.0,23.25,-16.057451765277772,21.557585499041732,0.0,15.0,
u002_006,1,18.074557621734623,0.0,35.98205534321375,0.0,23.25,-16.794481103006387,23.285584377630776,0.0,15.0,
u002_006,2,21.041427661325965,0.0,29.61402623788356,0.0,23.25,-16.71573745086478,21.441741055204282,0.0,15.0,
u002_006,3,16.52053376330055,0.0,40.96251702798809,0.0,23.25,-16.09984317260172,23.14264508176293,0.0,15.0,
u002_006,4,16.899085619011046,0.0,39.60425654771478,0.0,23.25,-17.392964767488166,24.17470416494649,0.0,15.0,
u002_007,0,18.914752346774648,0.0,35.88458333333333,0.75,23.25,-16.046234134920635,21.602902528843238,0.0,15.0,
u002_007,1,18.068194109389214,0.0,35.98205534321375,0.75,23.25,-16.78326347264925,23.334533900351374,0.0,15.0,
u002_007,2,21.042756616704192,0.0,29.61402623788356,0.75,23.25,-16.70451982050764,21.486814563943845,0.0,15.0,
u002_007,3,16.508920650426646,0.0,40.96251702798809,0.75,23.25,-16.088625542244582,23.19129412629078,0.0,15.0,
u002_007,4,16.888947235740037,0.0,39.60425654771478,0.75,23.25,-17.38174713713103,24.225522740576594,0.0,15.0,
u003_000,0,71.77827331498386,52.5524131854373,35.88458333333333,23.25,23.25,-14.06710229563492,17.59567412273551,0.0,15.0,
u003_000,1,73.93599303198657,55.45835748121081,35.98205534321375,23.25,23.25,-14.804131633363532,19.006096693178606,0.0,15.0,
u003_000,2,46.32044215774133,25.602844121626333,29.61402623788356,23.25,23.25,-14.725387981221925,17.50111988414585,0.0,15.0,
u003_000,3,94.47170148105734,77.0693113923208,40.96251702798809,23.25,23.25,-14.109493702958867,18.8894271677563,0.0,15.0,
u003_000,4,88.8884339648555,71.23223334262708,39.60425654771478,23.25,23.25,-15.402615297845317,19.731811640911438,0.0,15.0,
u003_001,0,68.87482863580874,49.62903111233918,35.88458333333333,21.0,23.25,-15.135169365277774,17.408309217319307,0.0,15.0,
u003_001,1,71.94513293753654,53.44021421943588,35.98205534321375,21.0,23.25,-15.872198703006388,18.803713113873314,0.0,15.0,
u003_001,2,45.784604437922475,25.096890620673335,29.61402623788356,21.0,23.25,-15.79345505086478,17.314761825403806,0.0,15.0,
u003_001,3,88.91777148413463,71.44990247288135,40.96251702798809,21.0,23.25,-15.177560772601721,18.688285926450863,0.0,15.0,
u003_001,4,83.6311184968887,65.91937420209348,39.60425654771478,21.0,23.25,-16.47068236748817,19.521700394476568,0.0,15.0,
u003_002,0,60.26576045744625,41.28604445811419,35.88458333333333,23.25,23.25,-18.252472027777774,21.095119673462687,0.0,15.0,
u003_002,1,61.70420565396593,43.558038241121196,35.98205534321375,23.25,23.25,-18.989501365506392,22.786048518024874,0.0,15.0,
u003_002,2,41.16626170378313,20.14349140020295,29.61402623788356,23.25,23.25,-18.910757713364784,20.981760391813758,0.0,15.0,
u003_002,3,77.11734558301688,60.47355357343721,40.96251702798809,23.25,23.25,-18.294863435101725,22.64617563882387,0.0,15.0,
u003_002,4,72.94196960230558,55.931782933973196,39.60425654771478,23.25,23.25,-19.58798502998817,23.656094392053873,0.0,15.0,
u003_003,0,63.323635412071866,44.06185930667286,35.88458333333333,20.25,23.25,-15.132211215277774,17.444569548169135,0.0,15.0,
u003_003,1,63.98644952873187,45.45921877741294,35.98205534321375,20.25,23.25,-15.869240553006389,18.842879976674443,0.0,15.0,
u003_003,2,41.32707026853501,20.66848716048584,29.61402623788356,20.25,23.25,-15.790496900864781,17.350827303362493,0.0,15.0,
u003_003,3,83.20014639026415,65.67571172179407,40.96251702798809,20.25,23.25,-15.174602622601721,18.727212362226442,0.0,15.0,
u003_003,4,78.62990490983843,60.870397714891396,39.60425654771478,20.25,23.25,-16.46772421748817,19.562362776228774,0.0,15.0,
u003_004,0,71.58961998086397,52.37089510944031,35.88458333333333,23.25,23.25,-14.052863790277776,17.60985779401523,0.0,15.0,
u003_004,1,73.66834490380474,55.19882665523637,35.98205534321375,23.25,23.25,-14.78989312800639,19.021417289930184,0.0,15.0,
u003_004,2,46.177082525831594,25.46811765595837,29.61402623788356,23.25,23.25,-14.711149475864785,17.515227336337354,0.0,15.0,
u003_004,3,94.27364831541878,76.87951418641586,40.96251702798809,23.25,23.25,-14.095255197601723,18.904653718540366,0.0,15.0,
u003_004,4,88.71295582725242,71.06455236009667,39.60425654771478,23.25,23.25,-15.38837679248817,19.747717228166348,0.0,15.0,
u003_005,0,71.70169221948335,52.50956014656728,35.88458333333333,23.25,23.25,-14.046268402777777,17.59330857529749,0.0,15.0,
u003_005,1,73.81621861514881,55.38218865414174,35.98205534321375,23.25,23.25,-14.783297740506391,19.003541529731855,0.0,15.0,
u003_005,2,46.309098177661156,25.570828546774223,29.61402623788356,23.25,23.25,-14.704554088364786,17.49876704849911,0.0,15.0,
u003_005,3,94.35436822874871,77.03926958105833,40.96251702798809,23.25,23.25,-14.088659810101724,18.886887689261147,0.0,15.0,
u003_005,4,88.78890332935892,71.20798111782102,39.60425654771478,23.25,23.25,-15.381781404988171,19.729158912965406,0.0,15.0,
u003_006,0,71.66136921896704,52.47980452942082,35.88458333333333,23.25,23.25,-14.041633902777772,17.607540245845357,0.0,15.0,
u003_006,1,73.77047451613832,55.35030095882976,35.98205534321375,23.25,23.25,-14.778663240506388,19.01891397324561,0.0,15.0,
u003_006,2,46.30633300018787,25.55919144609011,29.61402623788356,23.25,23.25,-14.699919588364784,17.512922242024096,0.0,15.0,
u003_006,3,94.2810419058423,76.99513278659902,40.96251702798809,23.25,23.25,-14.08402531010172,18.9021657685444,0.0,15.0,
u003_006,4,88.7232840600638,71.16742433625876,39.60425654771478,23.25,23.25,-15.37714690498817,19.745118326661476,0.0,15.0,
u003_007,0,71.7095654711817,52.533181728603836,35.88458333333333,23.25,23.25,-14.039274402777774,17.59691937385486,0.0,15.0,
u003_007,1,73.83057279515846,55.416982095622906,35.98205534321375,23.25,23.25,-14.776303740506389,19.00744176032503,0.0,15.0,
u003_007,2,46.34644749394021,25.59730445058494,29.61402623788356,23.25,23.25,-14.697560088364785,17.50235844363347,0.0,15.0,
u003_007,3,94.3340821202575,77.06059623274126,40.96251702798809,23.25,23.25,-14.081665810101722,18.89076397816552,0.0,15.0,
u003_007,4,88.77186018347908,71.22679859237977,39.60425654771478,23.25,23.25,-15.37478740498817,19.733208067121726,0.0,15.0,
u004_000,0,54.41961614401683,35.26937486606945,35.88458333333333,18.75,23.25,-9.312669402777775,21.86674515129221,0.0,15.0,
u004_000,1,56.16831526238458,37.79972237722288,35.98205534321375,18.75,23.25,-10.04969874050639,23.619525447652627,0.0,15.0,
u004_000,2,38.626967130308984,17.777470729382504,29.61402623788356,18.75,23.25,-9.970955088364784,21.749239369826135,0.0,15.0,
u004_000,3,67.69597695125141,50.57287014472085,40.96251702798809,18.75,23.25,-9.355060810101724,23.474536243969013,0.0,15.0,
u004_000,4,64.39344694320081,46.97003832218036,39.60425654771478,18.75,23.25,-10.64818240498817,24.521396197466792,0.0,15.0,
u004_001,0,53.955566218864035,34.71701062596085,35.88458333333333,16.5,23.25,-10.677678177777775,19.463069581845907,0.0,15.0,
u004_001,1,56.66666870355805,38.1782193788206,35.98205534321375,16.5,23.25,-11.41470751550639,21.023177619586278,0.0,15.0,
u004_001,2,39.17065683457009,18.439909272126958,29.61402623788356,16.5,23.25,-11.335963863364784,19.358480481587964,0.0,15.0,
u004_001,3,66.22211236621052,48.818969661087266,40.96251702798809,16.5,23.25,-10.720069585101722,20.8941261791279,0.0,15.0,
u004_001,4,62.82786240022277,45.166498897605045,39.60425654771478,16.5,23.25,-12.013191179988171,21.825911315708737,0.0,15.0,
u004_002,0,55.022091472045545,36.072486652136845,35.88458333333333,23.25,23.25,-14.591467115277775,22.028419936133545,0.0,15.0,
u004_002,1,56.163735837368854,38.06574054441192,35.98205534321375,23.25,23.25,-15.32849645300639,23.794159654453086,0.0,15.0,
u004_002,2,38.71386276831575,17.61470363758516,29.61402623788356,23.25,23.25,-15.249752800864782,21.910045359526507,0.0,15.0,
u004_002,3,69.32392041954323,52.82121727011585,40.96251702798809,23.25,23.25,-14.633858522601722,23.64809845317003,0.0,15.0,
u004_002,4,65.75810078235433,48.86269922964068,39.60425654771478,23.25,23.25,-15.92698011748817,24.702698509576116,0.0,15.0,
u004_003,0,45.849029139783035,26.58087551771507,35.88458333333333,16.5,23.25,-10.686734627777774,19.500859634155812,0.0,15.0,
u004_003,1,44.818517022552186,26.289276773917678,35.98205534321375,16.5,23.25,-11.423763965506389,21.063996822262595,0.0,15.0,
u004_003,2,32.336602539812276,11.652909710643742,29.61402623788356,16.5,23.25,-11.345020313364783,19.396067460710817,0.0,15.0,
u004_003,3,58.139996289511764,40.63726474349067,40.96251702798809,16.5,23.25,-10.729126035101721,20.9346948118381,0.0,15.0,
u004_003,4,55.72591358278382,37.980240082481174,39.60425654771478,16.5,23.25,-12.02224762998817,21.86828912907798,0.0,15.0,
u004_004,0,52.59720423143886,33.43551813735794,35.88458333333333,18.75,23.25,-9.319552902777774,21.867763007300066,0.0,15.0,
u004_004,1,53.4698447169674,35.084193235086026,35.98205534321375,18.75,23.25,-10.056582240506389,23.620624892298512,0.0,15.0,
u004_004,2,37.30705888974733,16.490810886159643,29.61402623788356,18.75,23.25,-9.977838588364783,21.75025175616007,0.0,15.0,
u004_004,3,66.02110068608214,48.847602190173426,40.96251702798809,18.75,23.25,-9.361944310101723,23.475628939639186,0.0,15.0,
u004_004,4,62.73727572179351,45.27181378606919,39.60425654771478,18.75,23.25,-10.65506590498817,24.52253762250595,0.0,15.0,
u004_005,0,55.10929051473877,36.02108148792937,35.88458333333333,20.25,23.25,-9.298779552777777,21.837789295457462,0.0,15.0,
u004_005,1,56.25472389227399,37.968014418789465,35.98205534321375,20.25,23.25,-10.035808890506392,23.588248567210865,0.0,15.0,
u004_005,2,38.574902700815,17.66890410931205,29.61402623788356,20.25,23.25,-9.957065238364786,21.720439114673805,0.0,15.0,
u004_005,3,69.56049836140599,52.61282475226563,40.96251702798809,20.25,23.25,-9.341170960101726,23.44345135764665,0.0,15.0,
u004_005,4,66.01586386324749,48.74268713053763,39.60425654771478,20.25,23.25,-10.634292554988171,24.488925063411497,0.0,15.0,
u004_006,0,56.28369597129009,37.2170095878744,35.88458333333333,21.75,23.25,-9.305309777777774,21.83701007237474,0.0,15.0,
u004_006,1,57.56316827494101,39.30513294761639,35.98205534321375,21.75,23.25,-10.042339115506387,23.587406883672486,0.0,15.0,
u004_006,2,39.14313939912666,18.214325166464644,29.61402623788356,21.75,23.25,-9.963595463364783,21.719664078918306,0.0,15.0,
u004_006,3,71.27747828614535,54.39316529457838,40.96251702798809,21.75,23.25,-9.347701185101723,23.44261484080928,0.0,15.0,
u004_006,4,67.57513855088627,50.35608166019472,39.60425654771478,21.75,23.25,-10.640822779988172,24.488051241642168,0.0,15.0,
u004_007,0,56.56967066980821,37.53968363903834,35.88458333333333,22.5,23.25,-9.286502027777779,21.784091644629328,0.0,15.0,
u004_007,1,57.82262538161111,39.61376684803198,35.98205534321375,22.5,23.25,-10.023531365506393,23.53024665510922,0.0,15.0,
u004_007,2,39.311840253475495,18.34086970453033,29.61402623788356,22.5,23.25,-9.944787713364786,21.66703002002446,0.0,15.0,
u004_007,3,71.72004859028802,54.946364170367296,40.96251702798809,22.5,23.25,-9.328893435101726,23.385805492116155,0.0,15.0,
u004_007,4,67.96924828325388,50.84452695493983,39.60425654771478,22.5,23.25,-10.622015029988175,24.42870844856006,0.0,15.0,
u005_001,0,40.37465155890998,21.197142326576802,35.88458333333333,15.75,23.25,-9.600784177777776,20.528150011914875,0.0,15.0,
u005_001,1,41.957672881323845,23.558772151126895,35.98205534321375,15.75,23.25,-10.33781351550639,22.173632072123954,0.0,15.0,
u005_001,2,32.306391802308084,11.461564408128671,29.61402623788356,15.75,23.25,-10.259069863364784,20.41783746688298,0.0,15.0,
u005_001,3,46.886160691345964,29.71799285490378,40.96251702798809,15.75,23.25,-9.643175585101725,22.037518530637445,0.0,15.0,
u005_001,4,44.79175718189794,27.325358851681134,39.60425654771478,15.75,23.25,-10.936297179988173,23.020293882807255,0.0,15.0,
u005_002,0,38.83168025061007,19.91534038090215,35.88458333333333,23.25,23.25,-13.558451690277774,23.336176760946607,0.0,15.0,
u005_002,1,39.108179782191215,21.062913122707382,35.98205534321375,23.25,23.25,-14.295481028006387,25.206742797911364,0.0,15.0,
u005_002,2,30.994179701516163,9.813069758398818,29.61402623788356,23.25,23.25,-14.216737375864783,23.21077466439528,0.0,15.0,
u005_002,3,45.346210110692496,28.996279128249782,40.96251702798809,23.25,23.25,-13.600843097601723,25.052010410343854,0.0,15.0,
u005_002,4,43.64134841088149,26.870474150343128,39.60425654771478,23.25,23.25,-14.893964692488172,26.1692186985347,0.0,15.0,
u005_003,0,32.50223073996208,13.2549503806428,35.88458333333333,14.25,23.25,-9.600461452777774,20.518385523916677,0.0,15.0,
u005_003,1,30.925057409171018,12.430796829782288,35.98205534321375,14.25,23.25,-10.337490790506386,22.16308488866519,0.0,15.0,
u005_003,2,25.755455000667446,5.01084005583073,29.61402623788356,14.25,23.25,-10.258747138364782,20.408125450516245,0.0,15.0,
u005_003,3,38.616208168069626,21.221222988370958,40.96251702798809,14.25,23.25,-9.642852860101723,22.027036091397793,0.0,15.0,
u005_003,4,37.50237226891618,19.8436237656797,39.60425654771478,14.25,23.25,-10.935974454988171,23.00934397338029,0.0,15.0,
u006_001,0,39.55366797092127,20.409238434252888,35.88458333333333,15.75,23.25,-9.391764002777773,20.49809620618211,0.0,15.0,
u006_001,1,41.05595805670994,22.709068617806466,35.98205534321375,15.75,23.25,-10.128793340506387,22.14116923303234,0.0,15.0,
u006_001,2,31.968456632497116,11.044179375724516,29.61402623788356,15.75,23.25,-10.050049688364782,20.387945161908753,0.0,15.0,
u006_001,3,45.64510043068097,28.6262187939416,40.96251702798809,15.75,23.25,-9.434155410101722,22.005254965709895,0.0,15.0,
u006_001,4,43.64589010554746,26.301388957330847,39.60425654771478,15.75,23.25,-10.72727700498817,22.986591506321144,0.0,15.0,
u006_002,0,37.46958380530982,18.548398843325025,35.88458333333333,23.25,23.25,-13.379562427777778,23.355290244571624,0.0,15.0,
u006_002,1,37.646554787484405,19.602548722561888,35.98205534321375,23.25,23.25,-14.116591765506392,25.227388367690992,0.0,15.0,
u006_002,2,30.343916111840844,9.129606431464996,29.61402623788356,23.25,23.25,-14.037848113364786,23.229785437497338,0.0,15.0,
u006_002,3,43.33889175178412,27.022995375443024,40.96251702798809,23.25,23.25,-13.421953835101725,25.072529246640695,0.0,15.0,
u006_002,4,41.79447681450699,25.04710455565557,39.60425654771478,23.25,23.25,-14.715075429988174,26.190652583707823,0.0,15.0,
u006_003,0,31.158852365066153,11.934376026073595,35.88458333333333,13.5,23.25,-9.401973877777774,20.47905868239142,0.0,15.0,
u006_003,1,29.501730391009207,11.045290775326102,35.98205534321375,13.5,23.25,-10.139003215506388,22.120605711825892,0.0,15.0,
u006_003,2,25.068796760962233,4.2595887342327465,29.61402623788356,13.5,23.25,-10.060259563364783,20.369009940454085,0.0,15.0,
u006_003,3,36.69974494923483,19.419978729404527,40.96251702798809,13.5,23.25,-9.444365285101721,21.984817674328486,0.0,15.0,
u006_003,4,35.6453294034365,18.079708875593603,39.60425654771478,13.5,23.25,-10.73748687998817,22.965242802604134,0.0,15.0,
u006_006,0,27.45184785098634,8.455805870728778,35.88458333333333,19.5,23.25,-10.075510215277774,22.926853579397214,0.0,15.0,
u006_006,1,26.694756792356742,8.547279217994888,35.98205534321375,19.5,23.25,-10.812539553006388,24.76460935573565,0.0,15.0,
u006_006,2,24.954201691240755,3.8590722826229324,29.61402623788356,19.5,23.25,-10.733795900864783,22.80365107130715,0.0,15.0,
u006_006,3,29.25411433688656,12.684893914694356,40.96251702798809,19.5,23.25,-10.117901622601721,24.61259101828083,0.0,15.0,
u006_006,4,28.80085302871244,11.839303159690887,39.60425654771478,19.5,23.25,-11.41102321748817,25.71020315515434,0.0,15.0,
u007_001,0,39.086699383599196,19.90914689706975,35.88458333333333,17.25,23.25,-9.590513011422637,19.52905760883109,0.0,15.0,
u007_001,1,40.636182887673016,22.251453452107384,35.98205534321375,17.25,23.25,-10.327542349151251,21.09445507180119,0.0,15.0,
u007_001,2,31.713742523980223,10.797039742115135,29.61402623788356,17.25,23.25,-10.248798697009645,19.424113907345358,0.0,15.0,
u007_001,3,45.041134012789456,27.962457450680077,40.96251702798809,17.25,23.25,-9.632904418746584,20.964966092448975,0.0,15.0,
u007_001,4,43.01686577345073,25.616670384030215,39.60425654771478,17.25,23.25,-10.926026013633033,21.899910374224184,0.0,15.0,
u007_002,0,37.30790025461302,18.37336339639329,35.88458333333333,23.25,23.25,-13.233109813492058,23.356642685602978,0.0,15.0,
u007_002,1,37.47122355217454,19.41697643696851,35.98205534321375,23.25,23.25,-13.970139151220673,25.228849216808484,0.0,15.0,
u007_002,2,30.27586091427589,9.039279145699778,29.61402623788356,23.25,23.25,-13.891395499079067,23.231130610888307,0.0,15.0,
u007_002,3,43.093002638054564,26.784542943028008,40.96251702798809,23.25,23.25,-13.275501220816007,25.07398112828969,0.0,15.0,
u007_002,4,41.56919981357053,24.822715803345513,39.60425654771478,23.25,23.25,-14.568622815702456,26.1921692128236,0.0,15.0,
u007_003,0,31.06117108329263,11.846753763708076,35.88458333333333,13.5,23.25,-9.250557259920633,20.55429822528165,0.0,15.0,
u007_003,1,29.40348593848229,10.967751096107087,35.98205534321375,13.5,23.25,-9.987586597649248,22.20187625692394,0.0,15.0,
u007_003,2,25.089962310703324,4.231951297206716,29.61402623788356,13.5,23.25,-9.908842945507642,20.44384516705383,0.0,15.0,
u007_003,3,36.48477574391867,19.28112212769643,40.96251702798809,13.5,23.25,-9.29294866724458,22.065589337616103,0.0,15.0,
u007_003,4,35.45505423314524,17.949227437819502,39.60425654771478,13.5,23.25,-10.58607026213103,23.049616522980095,0.0,15.0,
u007_006,0,55.20067543827052,36.18907406548583,35.88458333333333,23.25,23.25,-9.162593688492061,21.77875307677663,0.0,15.0,
u007_006,1,56.116067640128485,37.95510045769437,35.98205534321375,23.25,23.25,-9.899623026220674,23.5244801618164,0.0,15.0,
u007_006,2,38.5618819167834,17.44872140486994,29.61402623788356,23.25,23.25,-9.820879374079068,21.661720140144446,0.0,15.0,
u007_006,3,69.9502978048535,53.37986230241223,40.96251702798809,23.25,23.25,-9.204985095816008,23.38007439662472,0.0,15.0,
u007_006,4,66.34249898167131,49.374667542718065,39.60425654771478,23.25,23.25,-10.498106690702457,24.422721771688977,0.0,15.0,
