unit_id,member,swe_start,swe_end,delta_swe,snowfall,rain,rain_on_bare_ground,runoff,sublimation,evaporation,wind_erosion,lateral_transport,residual,tolerance,closed
u000_001,0,270.9710660216294,294.7652226870002,23.794156665370792,23.113127,0.0,0.0,0.0,0.6735200568193435,0.0,0.0,0.0,0.007509608551451663,1.115565635,1.0
u000_001,1,270.9710660216294,296.100283984266,25.12921796263663,24.62227,0.0,0.0,0.0,0.5210307005473934,0.0,0.0,0.0,-0.014082737910761978,1.12311135,1.0
u000_001,2,270.9710660216294,294.22730151670106,23.256235495071678,22.51438,0.0,0.0,0.0,0.71331829465229,0.0,0.0,0.0,0.028537200419389563,1.1125719,1.0
u000_001,3,270.9710660216294,296.0304590193782,25.05939299774883,24.471104,0.0,0.0,0.0,0.6059193308273882,0.0,0.0,0.0,-0.017630333078557214,1.12235552,1.0
u000_001,4,270.9710660216294,296.92241567141843,25.95134964978905,25.384058999999997,0.0,0.0,0.0,0.5623250453312868,0.0,0.0,0.0,0.004965604457765949,1.126920295,1.0
u000_002,0,270.883720428937,294.66323645130916,23.77951602237215,23.112062,0.0,0.0,0.0,0.6716044300267141,0.0,0.0,0.0,-0.00415040765456709,1.11556031,1.0
u000_002,1,270.883720428937,296.04002154873655,25.156301119799537,24.621151999999995,0.0,0.0,0.0,0.5192274766494719,0.0,0.0,0.0,0.01592164315006883,1.12310576,1.0
u000_002,2,270.883720428937,294.11794879445694,23.234228365519925,22.513401,0.0,0.0,0.0,0.7112524782287123,0.0,0.0,0.0,0.009574887291211809,1.112567005,1.0
u000_002,3,270.883720428937,295.94595629042857,25.06223586149156,24.470027,0.0,0.0,0.0,0.6041870107783482,0.0,0.0,0.0,-0.011978149286790085,1.122350135,1.0
u000_002,4,270.883720428937,296.8297653295453,25.946044900608285,25.382910000000003,0.0,0.0,0.0,0.5609084260819449,0.0,0.0,0.0,0.0022264745263385066,1.12691455,1.0
u000_003,0,270.70003111479616,294.4690948941293,23.769063779333123,23.105628,0.0,0.0,0.0,0.6720865180973778,0.0,0.0,0.0,-0.008650738764252708,1.11552814,1.0
u000_003,1,270.70003111479616,295.8161795122847,25.11614839748853,24.614272999999997,0.0,0.0,0.0,0.5196158131185294,0.0,0.0,0.0,-0.01774041562999784,1.123071365,1.0
u000_003,2,270.70003111479616,293.91839366184536,23.218362547049196,22.507101,0.0,0.0,0.0,0.7117493541598218,0.0,0.0,0.0,-0.0004878071106233506,1.112535505,1.0
u000_003,3,270.70003111479616,295.76027793524764,25.060246820451482,24.46314,0.0,0.0,0.0,0.6046381885250314,0.0,0.0,0.0,-0.007531368073546929,1.1223157,1.0
u000_003,4,270.70003111479616,296.64307277205006,25.9430416572539,25.375852000000002,0.0,0.0,0.0,0.5612651765445147,0.0,0.0,0.0,0.005924480709381896,1.12687926,1.0
u000_004,0,271.1440843069059,294.9649182130045,23.820833906098642,23.117515,0.0,0.0,0.0,0.6725896931208706,0.0,0.0,0.0,0.030729212977771425,1.115587575,1.0
u000_004,1,271.1440843069059,296.3164916302285,25.172407323322602,24.626922999999998,0.0,0.0,0.0,0.5203095389192383,0.0,0.0,0.0,0.02517478440336518,1.123134615,1.0
u000_004,2,271.1440843069059,294.39438693805937,23.250302631153488,22.518667999999998,0.0,0.0,0.0,0.7122988372296344,0.0,0.0,0.0,0.01933579392385454,1.11259334,1.0
u000_004,3,271.1440843069059,296.23321381006554,25.089129503159654,24.475746,0.0,0.0,0.0,0.6050817570991448,0.0,0.0,0.0,0.008301746060507043,1.12237873,1.0
u000_004,4,271.1440843069059,297.12507054663456,25.98098623972868,25.3889,0.0,0.0,0.0,0.5616435918051961,0.0,0.0,0.0,0.030442647923482724,1.1269445,1.0
u000_005,0,271.0826078435011,294.86055676245763,23.777948918956554,23.098765,0.0,0.0,0.0,0.6743909723771168,0.0,0.0,0.0,0.004792946579435409,1.115493825,1.0
u000_005,1,271.0826078435011,296.2187895859128,25.136181742411736,24.606957,0.0,0.0,0.0,0.5214597480309867,0.0,0.0,0.0,0.007764994380746515,1.123034785,1.0
u000_005,2,271.0826078435011,294.27274874011715,23.19014089661607,22.500421,0.0,0.0,0.0,0.7141734577787581,0.0,0.0,0.0,-0.024453561162687265,1.112502105,1.0
u000_005,3,271.0826078435011,296.14583246562756,25.063224622126484,24.45591,0.0,0.0,0.0,0.6067575617285753,0.0,0.0,0.0,0.0005570603979094813,1.12227955,1.0
u000_005,4,271.0826078435011,297.0145886126528,25.93198076915172,25.368301,0.0,0.0,0.0,0.5629932441377997,0.0,0.0,0.0,0.0006865250139220791,1.126841505,1.0
u000_006,0,274.84206051205433,298.5960801394466,23.754019627392267,23.066139999999997,0.0,0.0,0.0,0.6777704678603373,0.0,0.0,0.0,0.010109159531932477,1.1153307,1.0
u000_006,1,274.84206051205433,299.9360740797985,25.094013567744184,24.572212,0.0,0.0,0.0,0.5238949758456579,0.0,0.0,0.0,-0.00209340810147296,1.12286106,1.0
u000_006,2,274.84206051205433,298.01722295637967,23.175162444325338,22.468691,0.0,0.0,0.0,0.7173238531368569,0.0,0.0,0.0,-0.01085240881151961,1.112343455,1.0
u000_006,3,274.84206051205433,299.8747012221216,25.032640710067255,24.421412,0.0,0.0,0.0,0.6096678685817664,0.0,0.0,0.0,0.0015608414854888508,1.12210706,1.0
u000_006,4,274.84206051205433,301.2706206074509,26.428560095396563,25.866412,0.0,0.0,0.0,0.5652694669735617,0.0,0.0,0.0,-0.003121371576998655,1.12933206,1.0
u001_000,0,280.5114276828911,300.3678693097716,19.856441626880496,19.286831,0.0,0.0,0.0,0.5670585937311416,0.0,0.0,0.0,0.0025520331493567028,1.096434155,1.0
u001_000,1,280.5114276828911,302.3701012800273,21.858673597136203,21.418219,0.0,0.0,0.0,0.43282847631080196,0.0,0.0,0.0,0.007626120825399596,1.107091095,1.0
u001_000,2,280.5114276828911,300.2828721786405,19.771444495749392,19.183201,0.0,0.0,0.0,0.5970524390760595,0.0,0.0,0.0,-0.008808943326666707,1.095916005,1.0
u001_000,3,280.5114276828911,301.8655841100623,21.354156427171176,20.850369,0.0,0.0,0.0,0.5094515016715792,0.0,0.0,0.0,-0.005664074500401739,1.104251845,1.0
u001_000,4,280.5114276828911,302.7659002023856,22.25447251949447,21.780245,0.0,0.0,0.0,0.46994714358126216,0.0,0.0,0.0,0.004280375913207735,1.108901225,1.0
u001_001,0,279.22244946784565,298.95194538301723,19.729495915171583,19.16366,0.0,0.0,0.0,0.5646883253330083,0.0,0.0,0.0,0.0011475898385739924,1.0958183,1.0
u001_001,1,279.22244946784565,300.9335976013647,21.711148133519032,21.281439,0.0,0.0,0.0,0.43107770515572885,0.0,0.0,0.0,-0.0013685716366964584,1.106407195,1.0
u001_001,2,279.22244946784565,298.8828809317199,19.66043146387426,19.060670000000002,0.0,0.0,0.0,0.5945412025050704,0.0,0.0,0.0,0.005220261369188961,1.09530335,1.0
u001_001,3,279.22244946784565,300.435692660898,21.213243193052335,20.717256999999996,0.0,0.0,0.0,0.507347121922204,0.0,0.0,0.0,-0.011360928869866171,1.103586285,1.0
u001_001,4,279.22244946784565,301.32011397807196,22.09766451022631,21.641132999999996,0.0,0.0,0.0,0.46771053578852323,0.0,0.0,0.0,-0.011179025562210398,1.108205665,1.0
u001_002,0,277.18578098796195,296.6859134942404,19.500132506278476,18.952111,0.0,0.0,0.0,0.5598427425585786,0.0,0.0,0.0,-0.011821236280102454,1.094760555,1.0
u001_002,1,277.18578098796195,298.68752017741434,21.501739189452394,21.046501,0.0,0.0,0.0,0.42738109749853587,0.0,0.0,0.0,0.02785709195385877,1.105232505,1.0
u001_002,2,277.18578098796195,297.1398923343105,19.954111346348554,19.37996,0.0,0.0,0.0,0.5890157784254663,0.0,0.0,0.0,-0.014864432076912237,1.0968998,1.0
u001_002,3,277.18578098796195,298.1789497897084,20.993168801746435,20.488493000000002,0.0,0.0,0.0,0.5029961453535094,0.0,0.0,0.0,0.0016796563929233344,1.102442465,1.0
u001_002,4,277.18578098796195,299.0483364481843,21.862555460222325,21.402217999999998,0.0,0.0,0.0,0.46362534834256364,0.0,0.0,0.0,-0.00328788812023717,1.10701109,1.0
u001_003,0,279.0376130114164,298.7709321282814,19.733319116865005,19.164490999999998,0.0,0.0,0.0,0.5649501209335143,0.0,0.0,0.0,0.0038779959314929613,1.095822455,1.0
u001_003,1,279.0376130114164,300.7411404063714,21.703527394955017,21.282328,0.0,0.0,0.0,0.43128238445522693,0.0,0.0,0.0,-0.010082989500208583,1.10641164,1.0
u001_003,2,279.0376130114164,298.67955066594453,19.641937654528135,19.06148,0.0,0.0,0.0,0.5948287219910697,0.0,0.0,0.0,-0.014371067462935372,1.0953074,1.0
u001_003,3,279.0376130114164,300.2550122782421,21.21739926682568,20.718105,0.0,0.0,0.0,0.5075921460272305,0.0,0.0,0.0,-0.008297879201553116,1.103590525,1.0
u001_003,4,279.0376130114164,301.15640489219584,22.11879188077944,21.642018999999998,0.0,0.0,0.0,0.46792689057303555,0.0,0.0,0.0,0.00884599020640664,1.108210095,1.0
u001_004,0,280.2899496740921,300.09752530274244,19.80757562865034,19.239891999999998,0.0,0.0,0.0,0.5669292755960247,0.0,0.0,0.0,0.0007543530543188126,1.09619946,1.0
u001_004,1,280.2899496740921,302.0804925781782,21.790542904086124,21.366129,0.0,0.0,0.0,0.4327827898899859,0.0,0.0,0.0,-0.008368885803864856,1.106830645,1.0
u001_004,2,280.2899496740921,300.02379202006665,19.73384234597455,19.13652,0.0,0.0,0.0,0.5969085561052855,0.0,0.0,0.0,0.0004137898692633257,1.0956826,1.0
u001_004,3,280.2899496740921,301.6022718327488,21.312322158656684,20.799664,0.0,0.0,0.0,0.5093886989077616,0.0,0.0,0.0,0.003269459748921122,1.10399832,1.0
u001_004,4,280.2899496740921,302.4820676228307,22.1921179487386,21.727258000000003,0.0,0.0,0.0,0.46995337253552627,0.0,0.0,0.0,-0.0050934237969286755,1.10863629,1.0
u001_005,0,280.8775087859108,300.7179572060536,19.84044842014282,19.283521,0.0,0.0,0.0,0.5673160504865904,0.0,0.0,0.0,-0.010388630343769023,1.096417605,1.0
u001_005,1,280.8775087859108,302.71504004127064,21.837531255359863,21.414569,0.0,0.0,0.0,0.4330370244919294,0.0,0.0,0.0,-0.010074769132067729,1.107072845,1.0
u001_005,2,280.8775087859108,300.64667888330376,19.769170097392987,19.179859999999998,0.0,0.0,0.0,0.5973165874011294,0.0,0.0,0.0,-0.008006490008138911,1.0958993,1.0
u001_005,3,280.8775087859108,302.23470051556797,21.35719172965719,20.846773,0.0,0.0,0.0,0.509684980888945,0.0,0.0,0.0,0.000733748768244169,1.104233865,1.0
u001_005,4,280.8775087859108,303.1120093859,22.234500599989246,21.776474999999998,0.0,0.0,0.0,0.4701900016738323,0.0,0.0,0.0,-0.01216440168458277,1.108882375,1.0
u001_006,0,281.1157699386989,300.9960312405663,19.880261301867392,19.295929,0.0,0.0,0.0,0.5672767547768481,0.0,0.0,0.0,0.01705554709054269,1.096479645,1.0
u001_006,1,281.1157699386989,302.970400450263,21.854630511564096,21.428368,0.0,0.0,0.0,0.43299162822547715,0.0,0.0,0.0,-0.006729116661379209,1.10714184,1.0
u001_006,2,281.1157699386989,300.91259869845464,19.796828759755726,19.192230000000002,0.0,0.0,0.0,0.597275449187597,0.0,0.0,0.0,0.00732331056812896,1.09596115,1.0
u001_006,3,281.1157699386989,302.50006711292934,21.384297174230426,20.860266,0.0,0.0,0.0,0.5096398632794907,0.0,0.0,0.0,0.014391310950934155,1.10430133,1.0
u001_006,4,281.1157699386989,303.3836148469513,22.267844908252357,21.790506999999998,0.0,0.0,0.0,0.4701329497911431,0.0,0.0,0.0,0.007204958461215938,1.108952535,1.0
u001_007,0,274.30353530819616,293.16395654081316,18.860421232617,18.297159,0.0,0.0,0.0,0.5380077837051825,0.0,0.0,0.0,0.025254448911816496,1.091485795,1.0
u001_007,1,274.30353530819616,294.49915922133937,20.19562391314321,19.76383,0.0,0.0,0.0,0.41069118841578495,0.0,0.0,0.0,0.021102724727423805,1.09881915,1.0
u001_007,2,274.30353530819616,293.20827999125027,18.904744683054105,18.326691,0.0,0.0,0.0,0.5669883154949135,0.0,0.0,0.0,0.01106536755919052,1.091633455,1.0
u001_007,3,274.30353530819616,294.58367570803114,20.280140399834977,19.780504999999998,0.0,0.0,0.0,0.48272303528016486,0.0,0.0,0.0,0.016912364554812598,1.098902525,1.0
u001_007,4,274.30353530819616,295.4145652838228,21.11102997562665,20.662637000000004,0.0,0.0,0.0,0.44482306327354665,0.0,0.0,0.0,0.003569912353100335,1.103313185,1.0
u002_000,0,328.5996138535351,350.4954315440051,21.895817690469983,21.59326,0.0,0.0,0.0,0.3060314445507333,0.0,0.0,0.0,-0.0034737540807512346,1.1079663,1.0
u002_000,1,328.5996138535351,352.1553400215771,23.555726168041986,23.32419,0.0,0.0,0.0,0.21242551222464756,0.0,0.0,0.0,0.019110655817335953,1.11662095,1.0
u002_000,2,328.5996138535351,349.97073332913595,21.371119475600835,21.03699,0.0,0.0,0.0,0.3355611998232007,0.0,0.0,0.0,-0.0014317242223640392,1.10518495,1.0
u002_000,3,328.5996138535351,352.0536203613072,23.45400650777208,23.180978000000003,0.0,0.0,0.0,0.2633389471233888,0.0,0.0,0.0,0.009689560648684648,1.11590489,1.0
u002_000,4,328.5996138535351,353.0759833541669,24.47636950063179,24.214749,0.0,0.0,0.0,0.24334529447372885,0.0,0.0,0.0,0.018275206158058666,1.121073745,1.0
u002_001,0,313.5006292695003,334.4101918465461,20.909562577045847,20.606322,0.0,0.0,0.0,0.2864478288356122,0.0,0.0,0.0,0.016792748210235686,1.10303161,1.0
u002_001,1,313.5006292695003,335.94870015414676,22.448070884646484,22.258043999999998,0.0,0.0,0.0,0.19728015996659198,0.0,0.0,0.0,-0.007253275320106667,1.1112902199999999,1.0
u002_001,2,313.5006292695003,333.8938219643228,20.393192694822517,20.075386,0.0,0.0,0.0,0.3158369985888615,0.0,0.0,0.0,0.0019696962336546164,1.10037693,1.0
u002_001,3,313.5006292695003,335.8696310986167,22.369001829116428,22.121382,0.0,0.0,0.0,0.24649436296254978,0.0,0.0,0.0,0.001125466153876431,1.11060691,1.0
u002_001,4,313.5006292695003,336.83364737386086,23.333018104360576,23.107892,0.0,0.0,0.0,0.2282374812059848,0.0,0.0,0.0,-0.0031113768454069657,1.11553946,1.0
u002_002,0,276.24130475792145,294.6681384906264,18.42683373270495,18.188419,0.0,0.0,0.0,0.23769922428516313,0.0,0.0,0.0,0.0007155084197876249,1.090942095,1.0
u002_002,1,276.24130475792145,296.0351766350556,19.793871877134166,19.646362,0.0,0.0,0.0,0.15950568870989457,0.0,0.0,0.0,-0.011995811575729931,1.09823181,1.0
u002_002,2,276.24130475792145,294.5905000160399,18.34919525811847,18.09068,0.0,0.0,0.0,0.2666643774381855,0.0,0.0,0.0,-0.008149119319714515,1.0904534,1.0
u002_002,3,276.24130475792145,295.9569075862745,19.715602828353042,19.525731,0.0,0.0,0.0,0.2043449633439091,0.0,0.0,0.0,-0.014473134990868886,1.097628655,1.0
u002_002,4,276.24130475792145,296.8343788249239,20.59307406700242,20.396479,0.0,0.0,0.0,0.19004494188913268,0.0,0.0,0.0,0.006550125113285787,1.101982395,1.0
u002_003,0,313.98931378933804,334.9247886794437,20.93547489010564,20.639559,0.0,0.0,0.0,0.28711117200731945,0.0,0.0,0.0,0.008804718098321729,1.103197795,1.0
u002_003,1,313.98931378933804,336.4832652274311,22.493951438093063,22.293979,0.0,0.0,0.0,0.1978100364752358,0.0,0.0,0.0,0.0021624016178272143,1.111469895,1.0
u002_003,2,313.98931378933804,334.4123901984898,20.423076409151747,20.107816999999997,0.0,0.0,0.0,0.31650453900002895,0.0,0.0,0.0,-0.0012451298482787365,1.100539085,1.0
u002_003,3,313.98931378933804,336.40319385472003,22.41388006538199,22.157141,0.0,0.0,0.0,0.24707990265154656,0.0,0.0,0.0,0.009659162730443427,1.110785705,1.0
u002_003,4,313.98931378933804,337.3743331028318,23.385019313493785,23.145252,0.0,0.0,0.0,0.22876702140372196,0.0,0.0,0.0,0.011000292090063368,1.11572626,1.0
u002_004,0,328.3114118512575,350.19959038617617,21.888178534918666,21.575479,0.0,0.0,0.0,0.30577685051999864,0.0,0.0,0.0,0.006922684398666945,1.107877395,1.0
u002_004,1,328.3114118512575,351.84942900568944,23.53801715443194,23.304879,0.0,0.0,0.0,0.2122371445514365,0.0,0.0,0.0,0.020901009880503807,1.116524395,1.0
u002_004,2,328.3114118512575,349.689814548894,21.37840269763649,21.019627,0.0,0.0,0.0,0.3352997632564654,0.0,0.0,0.0,0.02347593438002349,1.105098135,1.0
u002_004,3,328.3114118512575,351.76938377340895,23.457971922151444,23.161821000000003,0.0,0.0,0.0,0.2631177653194643,0.0,0.0,0.0,0.033033156831976385,1.115809105,1.0
u002_004,4,328.3114118512575,352.76874868311904,24.45733683186154,24.194751000000004,0.0,0.0,0.0,0.24315170663084532,0.0,0.0,0.0,0.01943412523069199,1.120973755,1.0
u002_005,0,328.6301479733847,350.53041594411854,21.900267970733864,21.594898999999998,0.0,0.0,0.0,0.3062574576507916,0.0,0.0,0.0,-0.0008884869169243359,1.107974495,1.0
u002_005,1,328.6301479733847,352.1822304562781,23.55208248289341,23.325879999999998,0.0,0.0,0.0,0.21257619400878822,0.0,0.0,0.0,0.01362628888462325,1.1166293999999999,1.0
u002_005,2,328.6301479733847,350.0072871236743,21.377139150289622,21.038532,0.0,0.0,0.0,0.335805113278117,0.0,0.0,0.0,0.0028020370115058313,1.10519266,1.0
u002_005,3,328.6301479733847,352.09217702510364,23.462029051718957,23.182721,0.0,0.0,0.0,0.2635229776104579,0.0,0.0,0.0,0.01578507410849994,1.115913605,1.0
u002_005,4,328.6301479733847,353.10654671181453,24.47639873842985,24.216541,0.0,0.0,0.0,0.2434871752132628,0.0,0.0,0.0,0.016370563216586476,1.121082705,1.0
u002_006,0,328.0646755037608,349.93017246655796,21.86549696279718,21.557589999999998,0.0,0.0,0.0,0.30574867429422714,0.0,0.0,0.0,0.0021582885029545196,1.10778795,1.0
u002_006,1,328.0646755037608,351.5884894404237,23.52381393666292,23.285548,0.0,0.0,0.0,0.21218404011892908,0.0,0.0,0.0,0.0260818965439924,1.11642774,1.0
u002_006,2,328.0646755037608,349.41217331833866,21.347497814577878,21.002214000000002,0.0,0.0,0.0,0.3352868052738119,0.0,0.0,0.0,0.00999700930406533,1.10501107,1.0
u002_006,3,328.0646755037608,351.47843999545034,23.413764491689562,23.142659000000002,0.0,0.0,0.0,0.2630751035674968,0.0,0.0,0.0,0.008030388122062249,1.115713295,1.0
u002_006,4,328.0646755037608,352.5080809457337,24.443405441972914,24.174730000000004,0.0,0.0,0.0,0.24309790449715066,0.0,0.0,0.0,0.025577537475758305,1.12087365,1.0
u002_007,0,328.77338802411555,350.67149761218644,21.898109588070895,21.602901,0.0,0.0,0.0,0.3065384167333548,0.0,0.0,0.0,-0.011329828662457686,1.108014505,1.0
u002_007,1,328.77338802411555,352.3103882324763,23.53700020836078,23.334521000000002,0.0,0.0,0.0,0.21278356916073743,0.0,0.0,0.0,-0.010304360799960222,1.116672605,1.0
u002_007,2,328.77338802411555,350.1380962643395,21.364708240223933,21.046334,0.0,0.0,0.0,0.336119223695525,0.0,0.0,0.0,-0.017744983471594367,1.10523167,1.0
u002_007,3,328.77338802411555,352.2299915343846,23.456603510269076,23.191292,0.0,0.0,0.0,0.26376681856956163,0.0,0.0,0.0,0.0015446916995145443,1.11595646,1.0
u002_007,4,328.77338802411555,353.2250058500925,24.45161782597694,24.22553,0.0,0.0,0.0,0.24369954382900214,0.0,0.0,0.0,-0.017611717852062725,1.12112765,1.0
u003_000,0,251.9731818854409,269.594108019978,17.620926134537115,17.234965,0.0,0.0,0.0,0.3803880817453439,0.0,0.0,0.0,0.005573052791771005,1.086174825,1.0
u003_000,1,251.9731818854409,270.89585562985604,18.922673744415135,18.616474,0.0,0.0,0.0,0.28478816745631885,0.0,0.0,0.0,0.02141157695881546,1.09308237,1.0
u003_000,2,251.9731818854409,269.53083113266564,17.55764924722473,17.14234,0.0,0.0,0.0,0.4114082163741864,0.0,0.0,0.0,0.0039010308505424973,1.0857117,1.0
u003_000,3,251.9731818854409,271.2088811647595,19.235699279318567,18.889409999999998,0.0,0.0,0.0,0.33280088014315207,0.0,0.0,0.0,0.013488399175415111,1.09444705,1.0
u003_000,4,251.9731818854409,271.99734190784534,20.02416002240443,19.731839,0.0,0.0,0.0,0.28226899121184873,0.0,0.0,0.0,0.010052031192582689,1.098659195,1.0
u003_001,0,248.25126072686774,265.63008643569384,17.3788257088261,17.051395,0.0,0.0,0.0,0.31932569500497854,0.0,0.0,0.0,0.008105013821122498,1.085256975,1.0
u003_001,1,248.25126072686774,267.2894409446457,19.038180217777978,18.8037,0.0,0.0,0.0,0.22913313154620607,0.0,0.0,0.0,0.00534708623177238,1.0940185,1.0
u003_001,2,248.25126072686774,265.4396022571181,17.18834153025037,16.8415,0.0,0.0,0.0,0.3507121825399839,0.0,0.0,0.0,-0.0038706522896134743,1.0842075,1.0
u003_001,3,248.25126072686774,267.2015566932746,18.950295966406856,18.68829,0.0,0.0,0.0,0.2736102372443135,0.0,0.0,0.0,-0.011604270837455744,1.09344145,1.0
u003_001,4,248.25126072686774,268.01760238879467,19.76634166192693,19.521667,0.0,0.0,0.0,0.2364209302970343,0.0,0.0,0.0,0.008253731629896066,1.097608335,1.0
u003_002,0,314.91901926083995,336.2172909012996,21.29827164045963,21.09513,0.0,0.0,0.0,0.18906044366864005,0.0,0.0,0.0,0.014081196790989736,1.10547565,1.0
u003_002,1,314.91901926083995,337.83028140335216,22.911262142512214,22.78604,0.0,0.0,0.0,0.12161940801135732,0.0,0.0,0.0,0.0036027345008555756,1.1139302,1.0
u003_002,2,314.91901926083995,336.1242924452964,21.205273184456473,20.981761,0.0,0.0,0.0,0.22379762422989846,0.0,0.0,0.0,-0.0002854397734246561,1.104908805,1.0
u003_002,3,314.91901926083995,337.75374277116345,22.8347235103235,22.646190000000004,0.0,0.0,0.0,0.164705682967385,0.0,0.0,0.0,0.023827827356111442,1.11323095,1.0
u003_002,4,314.91901926083995,338.7164573703231,23.797438109483153,23.656079999999996,0.0,0.0,0.0,0.13345007567164296,0.0,0.0,0.0,0.00790803381151406,1.1182804,1.0
u003_003,0,249.1145428211633,266.5235867862037,17.409043965040382,17.086933,0.0,0.0,0.0,0.3241138273625989,0.0,0.0,0.0,-0.0020028623222145825,1.085434665,1.0
u003_003,1,249.1145428211633,268.18867489935246,19.074132078189166,18.84288,0.0,0.0,0.0,0.2387105644490882,0.0,0.0,0.0,-0.007458486259924513,1.0942144,1.0
u003_003,2,249.1145428211633,266.3463396618048,17.231796840641493,16.876568,0.0,0.0,0.0,0.35042202243487913,0.0,0.0,0.0,0.004806818206613883,1.08438284,1.0
u003_003,3,249.1145428211633,268.12632219975023,19.011779378586937,18.727202,0.0,0.0,0.0,0.28883762516634665,0.0,0.0,0.0,-0.00426024657940971,1.09363601,1.0
u003_003,4,249.1145428211633,268.91594137666783,19.801398555504534,19.56234,0.0,0.0,0.0,0.23799079433273576,0.0,0.0,0.0,0.0010677611718001856,1.0978117,1.0
u003_004,0,252.1896807189746,269.8108820598359,17.621201340861262,17.248863,0.0,0.0,0.0,0.38134441834413163,0.0,0.0,0.0,-0.009006077482869301,1.086244315,1.0
u003_004,1,252.1896807189746,271.09265009274793,18.902969373773317,18.631488,0.0,0.0,0.0,0.28572472508694946,0.0,0.0,0.0,-0.014243351313634633,1.09315744,1.0
u003_004,2,252.1896807189746,269.75968912284094,17.570008403866325,17.156167,0.0,0.0,0.0,0.41213856784174285,0.0,0.0,0.0,0.0017028360245809893,1.085780835,1.0
u003_004,3,252.1896807189746,271.41251550208284,19.222834783108226,18.904649999999997,0.0,0.0,0.0,0.3340414511344055,0.0,0.0,0.0,-0.0158566680261778,1.09452325,1.0
u003_004,4,252.1896807189746,272.2114931365416,20.02181241756699,19.74773,0.0,0.0,0.0,0.28298041584667133,0.0,0.0,0.0,-0.008897998279682184,1.09873865,1.0
u003_005,0,251.63892885660383,269.24591972745327,17.606990870849444,17.232629000000003,0.0,0.0,0.0,0.38410126825781954,0.0,0.0,0.0,-0.009739397408377926,1.086163145,1.0
u003_005,1,251.63892885660383,270.5204364768311,18.881507620227268,18.614015,0.0,0.0,0.0,0.2876422141411997,0.0,0.0,0.0,-0.02014959391393134,1.093070075,1.0
u003_005,2,251.63892885660383,269.1800459126557,17.54111705605189,17.140044,0.0,0.0,0.0,0.41491542435441975,0.0,0.0,0.0,-0.013842368302530161,1.08570022,1.0
u003_005,3,251.63892885660383,270.84052086704605,19.201592010442226,18.886884,0.0,0.0,0.0,0.33703100889362064,0.0,0.0,0.0,-0.022322998451393516,1.09443442,1.0
u003_005,4,251.63892885660383,271.6300879654439,19.991159108840094,19.72916,0.0,0.0,0.0,0.28570093962647536,0.0,0.0,0.0,-0.02370183078638277,1.0986458,1.0
u003_006,0,251.85204188896753,269.4619560530869,17.609914164119374,17.246605000000002,0.0,0.0,0.0,0.3852417184093537,0.0,0.0,0.0,-0.02193255428998242,1.086233025,1.0
u003_006,1,251.85204188896753,270.73842321348917,18.886381324521636,18.629019999999997,0.0,0.0,0.0,0.2883647513268188,0.0,0.0,0.0,-0.03100342680517798,1.0931451,1.0
u003_006,2,251.85204188896753,269.40886318247857,17.556821293511035,17.15391,0.0,0.0,0.0,0.41601598911613485,0.0,0.0,0.0,-0.013104695605100858,1.08576955,1.0
u003_006,3,251.85204188896753,271.0678929249521,19.21585103598457,18.902149,0.0,0.0,0.0,0.3383986586733086,0.0,0.0,0.0,-0.024696622688740177,1.094510745,1.0
u003_006,4,251.85204188896753,271.8545265422837,20.002484653316145,19.745119,0.0,0.0,0.0,0.286862023378017,0.0,0.0,0.0,-0.02949637006187089,1.0987255949999999,1.0
u003_007,0,251.6964416815909,269.3443356187971,17.64789393720622,17.236203000000003,0.0,0.0,0.0,0.38564652256543364,0.0,0.0,0.0,0.026044414640782776,1.086181015,1.0
u003_007,1,251.6964416815909,270.62406980654447,18.92762812495357,18.617794,0.0,0.0,0.0,0.2887210415126348,0.0,0.0,0.0,0.02111308344093743,1.09308897,1.0
u003_007,2,251.6964416815909,269.2644167222665,17.567975040675606,17.143577999999998,0.0,0.0,0.0,0.4164459141008451,0.0,0.0,0.0,0.007951126574763379,1.08571789,1.0
u003_007,3,251.6964416815909,270.93664299709314,19.240201315502247,18.890769,0.0,0.0,0.0,0.3387594142277237,0.0,0.0,0.0,0.010672901274524804,1.094453845,1.0
u003_007,4,251.6964416815909,271.7291890006852,20.032747319094312,19.733232,0.0,0.0,0.0,0.2872990560574503,0.0,0.0,0.0,0.012216263036862074,1.09866616,1.0
u004_000,0,234.49845912105445,256.99890916943065,22.500450048376194,21.866728000000002,0.0,0.0,0.0,0.6238964117696136,0.0,0.0,0.0,0.009825636606578314,1.10933364,1.0
u004_000,1,234.49845912105445,258.11222840805067,23.613769286996217,23.135308,0.0,0.0,0.0,0.4831951874150839,0.0,0.0,0.0,-0.004733900418866455,1.11567654,1.0
u004_000,2,234.49845912105445,256.30007330927236,21.80161418821791,21.154789,0.0,0.0,0.0,0.6668450360622222,0.0,0.0,0.0,-0.020019847844313432,1.105773945,1.0
u004_000,3,234.49845912105445,258.05498728573923,23.556528164684778,22.993299,0.0,0.0,0.0,0.5640281503098893,0.0,0.0,0.0,-0.0007989856251100491,1.114966495,1.0
u004_000,4,234.49845912105445,259.35348848087466,24.855029359820207,24.35382,0.0,0.0,0.0,0.505095813021374,0.0,0.0,0.0,-0.0038864532011650965,1.1217691,1.0
u004_001,0,263.46859846312617,282.9380574911962,19.469459028070048,18.93108,0.0,0.0,0.0,0.5470132368237026,0.0,0.0,0.0,-0.00863420875365506,1.0946554,1.0
u004_001,1,263.46859846312617,284.76764667748114,21.29904821435497,20.879506,0.0,0.0,0.0,0.4173941150315936,0.0,0.0,0.0,0.0021480993233744528,1.10439753,1.0
u004_001,2,263.46859846312617,283.4007466987377,19.93214823561152,19.358491,0.0,0.0,0.0,0.5841519971322935,0.0,0.0,0.0,-0.010494761520774887,1.096792455,1.0
u004_001,3,263.46859846312617,284.4172684399458,20.948669976819644,20.465784,0.0,0.0,0.0,0.49212980975872367,0.0,0.0,0.0,-0.009243832939077379,1.10232892,1.0
u004_001,4,263.46859846312617,285.295188347676,21.826589884549833,21.378470999999998,0.0,0.0,0.0,0.44739868792636783,0.0,0.0,0.0,0.0007201966234688939,1.106892355,1.0
u004_002,0,315.12919166801436,336.9346195566601,21.805427888645738,21.42633,0.0,0.0,0.0,0.38855074935499856,0.0,0.0,0.0,-0.00945286070925988,1.10713165,1.0
u004_002,1,315.12919166801436,339.1976055725525,24.068413904538147,23.794182,0.0,0.0,0.0,0.2879040321539275,0.0,0.0,0.0,-0.013672127615780738,1.11897091,1.0
u004_002,2,315.12919166801436,336.83876060157104,21.70956893355668,21.311199000000002,0.0,0.0,0.0,0.4150682384065979,0.0,0.0,0.0,-0.016698304849917633,1.106555995,1.0
u004_002,3,315.12919166801436,339.1182841021914,23.989092434177053,23.648091,0.0,0.0,0.0,0.35260481975171953,0.0,0.0,0.0,-0.011603385574666447,1.118240455,1.0
u004_002,4,315.12919166801436,340.14017620294453,25.010984534930174,24.702728,0.0,0.0,0.0,0.31235480703659857,0.0,0.0,0.0,-0.004098272106425327,1.12351364,1.0
u004_003,0,264.08090859121796,283.59203455933914,19.511125968121178,18.967839,0.0,0.0,0.0,0.5495468412306913,0.0,0.0,0.0,-0.006259873109513592,1.094839195,1.0
u004_003,1,264.08090859121796,285.4244082398982,21.343499648680222,20.920077,0.0,0.0,0.0,0.4219087662183057,0.0,0.0,0.0,0.0015138824619178592,1.104600385,1.0
u004_003,2,264.08090859121796,284.05694090232384,19.976032311105882,19.396059,0.0,0.0,0.0,0.5786289448368209,0.0,0.0,0.0,0.001344366269059094,1.096980295,1.0
u004_003,3,264.08090859121796,285.10606842084206,21.0251598296241,20.505531,0.0,0.0,0.0,0.5002734461647023,0.0,0.0,0.0,0.019355383459398467,1.102527655,1.0
u004_003,4,264.08090859121796,285.9514217300665,21.870513138848537,21.420021000000002,0.0,0.0,0.0,0.4505768778206286,0.0,0.0,0.0,-8.473897209526626e-05,1.107100105,1.0
u004_004,0,234.51448496871194,257.0037399128749,22.48925494416295,21.867761,0.0,0.0,0.0,0.620076753644967,0.0,0.0,0.0,0.001417190517983613,1.109338805,1.0
u004_004,1,234.51448496871194,258.11804694215573,23.60356197344379,23.136437,0.0,0.0,0.0,0.47990809732847545,0.0,0.0,0.0,-0.012783123884688052,1.115682185,1.0
u004_004,2,234.51448496871194,256.3234972811778,21.80901231246588,21.155739999999998,0.0,0.0,0.0,0.6617703724451274,0.0,0.0,0.0,-0.008498059979242356,1.1057787,1.0
u004_004,3,234.51448496871194,258.0612149811818,23.54673001246988,22.994376000000003,0.0,0.0,0.0,0.5614851733259699,0.0,0.0,0.0,-0.00913116085609289,1.11497188,1.0
u004_004,4,234.51448496871194,259.39035468507313,24.875869716361194,24.354951999999997,0.0,0.0,0.0,0.5018041265614247,0.0,0.0,0.0,0.019113589799772512,1.12177476,1.0
u004_005,0,233.98451240107372,256.449559335198,22.465046934124274,21.837811000000002,0.0,0.0,0.0,0.6360492841233713,0.0,0.0,0.0,-0.008813349999098108,1.109189055,1.0
u004_005,1,233.98451240107372,257.58178979698295,23.59727739590923,23.104677000000002,0.0,0.0,0.0,0.4925817064036657,0.0,0.0,0.0,1.8689505562718978e-05,1.115523385,1.0
u004_005,2,233.98451240107372,255.7893353627817,21.804822961708,21.126761000000002,0.0,0.0,0.0,0.678484909826513,0.0,0.0,0.0,-0.0004229481185156203,1.105633805,1.0
u004_005,3,233.98451240107372,257.50624856949173,23.521736168418016,22.962876,0.0,0.0,0.0,0.5761116850872339,0.0,0.0,0.0,-0.017251516669219313,1.11481438,1.0
u004_005,4,233.98451240107372,258.7998523661734,24.815339965099696,24.321591999999995,0.0,0.0,0.0,0.516258207685274,0.0,0.0,0.0,-0.022510242585575213,1.12160796,1.0
u004_006,0,234.16881365129234,256.63620875578573,22.46739510449339,21.837001,0.0,0.0,0.0,0.6401297083705751,0.0,0.0,0.0,-0.009735603877185639,1.109185005,1.0
u004_006,1,234.16881365129234,257.78611046235915,23.617296811066808,23.103847,0.0,0.0,0.0,0.49594009106194725,0.0,0.0,0.0,0.017509720004863283,1.115519235,1.0
u004_006,2,234.16881365129234,255.98593434033305,21.817120689040706,21.12599,0.0,0.0,0.0,0.682860104388724,0.0,0.0,0.0,0.008270584651981494,1.10562995,1.0
u004_006,3,234.16881365129234,257.70683332446475,23.538019673172414,22.962037,0.0,0.0,0.0,0.5795418613195125,0.0,0.0,0.0,-0.003559188147097103,1.114810185,1.0
u004_006,4,234.16881365129234,259.01033565402315,24.841522002730812,24.320709,0.0,0.0,0.0,0.5193269402059632,0.0,0.0,0.0,0.001486062524847398,1.121603545,1.0
u004_007,0,237.14749866200432,259.57082516528874,22.423326503284414,21.784088,0.0,0.0,0.0,0.6486016134063536,0.0,0.0,0.0,-0.00936311012193869,1.10892044,1.0
u004_007,1,237.14749866200432,260.6760574714078,23.52855880940345,23.047868,0.0,0.0,0.0,0.5024891901940948,0.0,0.0,0.0,-0.021798380790645666,1.11523934,1.0
u004_007,2,237.14749866200432,258.92728268101655,21.779784019012226,21.074792000000002,0.0,0.0,0.0,0.6912694842938603,0.0,0.0,0.0,0.013722534718361601,1.10537396,1.0
u004_007,3,237.14749866200432,260.66039337825396,23.512894716249633,22.906392,0.0,0.0,0.0,0.5873065250766328,0.0,0.0,0.0,0.01919619117299831,1.11453196,1.0
u004_007,4,237.14749866200432,261.94762752863795,24.800128866633628,24.261793,0.0,0.0,0.0,0.5262473305307183,0.0,0.0,0.0,0.012088536102908165,1.121308965,1.0
u005_001,0,252.41972520610926,273.57082432555154,21.15109911944228,20.52815,0.0,0.0,0.0,0.6257378811060471,0.0,0.0,0.0,-0.0027887616637691792,1.10264075,1.0
u005_001,1,252.41972520610926,274.92786931367,22.508144107560724,22.0221,0.0,0.0,0.0,0.48411404782676365,0.0,0.0,0.0,0.0019300597339615422,1.1101105,1.0
u005_001,2,252.41972520610926,272.92974028208715,20.51001507597789,19.85976,0.0,0.0,0.0,0.6617547073624102,0.0,0.0,0.0,-0.01149963138452037,1.0992988,1.0
u005_001,3,252.41972520610926,274.5603820580658,22.14065685195652,21.585768,0.0,0.0,0.0,0.5671463984044085,0.0,0.0,0.0,-0.01225754644788779,1.10792884,1.0
u005_001,4,252.41972520610926,275.9552169490262,23.535491742916918,23.020291,0.0,0.0,0.0,0.5205570099324224,0.0,0.0,0.0,-0.005356267015503846,1.115101455,1.0
u005_002,0,334.72139731832834,357.8824313972185,23.161034078890168,22.69836,0.0,0.0,0.0,0.4578550329435983,0.0,0.0,0.0,0.004819045946568679,1.1134918,1.0
u005_002,1,334.72139731832834,359.76538253128956,25.043985212961218,24.689961,0.0,0.0,0.0,0.3404430145893051,0.0,0.0,0.0,0.013581198371912961,1.123449805,1.0
u005_002,2,334.72139731832834,357.93322127678863,23.211823958460286,22.734963999999998,0.0,0.0,0.0,0.4842837490383537,0.0,0.0,0.0,-0.007423790578066303,1.11367482,1.0
u005_002,3,334.72139731832834,360.2014663350297,25.48006901670135,25.052023,0.0,0.0,0.0,0.41151788263868927,0.0,0.0,0.0,0.016528134062660627,1.1252601150000001,1.0
u005_002,4,334.72139731832834,361.2736571732414,26.552259854913075,26.169207999999998,0.0,0.0,0.0,0.374385836170865,0.0,0.0,0.0,0.008666018742211179,1.13084604,1.0
u005_003,0,251.82565188699462,272.9728025646834,21.147150677688757,20.5184,0.0,0.0,0.0,0.612119510545505,0.0,0.0,0.0,0.016631167143252412,1.102592,1.0
u005_003,1,251.82565188699462,274.3194626776028,22.493810790608194,22.011635000000002,0.0,0.0,0.0,0.4715185379300256,0.0,0.0,0.0,0.010657252678164753,1.110058175,1.0
u005_003,2,251.82565188699462,272.3342102109687,20.508558323974086,19.85031,0.0,0.0,0.0,0.6456444015730773,0.0,0.0,0.0,0.012603922401009271,1.09925155,1.0
u005_003,3,251.82565188699462,273.96877478832937,22.14312290133475,21.575475,0.0,0.0,0.0,0.5531967086750188,0.0,0.0,0.0,0.01445119265973105,1.107877375,1.0
u005_003,4,251.82565188699462,275.35731686418455,23.531664977189934,23.009339,0.0,0.0,0.0,0.5158480796180533,0.0,0.0,0.0,0.00647789757188022,1.115046695,1.0
u006_001,0,245.25372270415102,266.4117572750806,21.1580345709296,20.498069,0.0,0.0,0.0,0.6451480949351718,0.0,0.0,0.0,0.014817475994426843,1.102490345,1.0
u006_001,1,245.25372270415102,267.45388435353635,22.200161649385336,21.687264,0.0,0.0,0.0,0.49999411642892666,0.0,0.0,0.0,0.012903532956411112,1.10843632,1.0
u006_001,2,245.25372270415102,265.77493693201734,20.521214227866324,19.83068,0.0,0.0,0.0,0.6824720751440162,0.0,0.0,0.0,0.008062152722306593,1.0991534,1.0
u006_001,3,245.25372270415102,267.3857673439127,22.13204463976166,21.554138000000002,0.0,0.0,0.0,0.584780667305301,0.0,0.0,0.0,-0.0068740275436418585,1.10777069,1.0
u006_001,4,245.25372270415102,268.141924055459,22.888201351308,22.3583,0.0,0.0,0.0,0.5398316879898076,0.0,0.0,0.0,-0.009930336681808427,1.1117915,1.0
u006_002,0,335.07422204262156,358.2642525014037,23.190030458782132,22.71695,0.0,0.0,0.0,0.46973984515005673,0.0,0.0,0.0,0.0033406136320763835,1.11358475,1.0
u006_002,1,335.07422204262156,360.1480861060269,25.073864063405324,24.710223999999997,0.0,0.0,0.0,0.34964860170799633,0.0,0.0,0.0,0.01399146169733001,1.12355112,1.0
u006_002,2,335.07422204262156,358.34898162941886,23.274759586797302,22.753596,0.0,0.0,0.0,0.49623219237360927,0.0,0.0,0.0,0.02493139442369241,1.11376798,1.0
u006_002,3,335.07422204262156,360.5862064720803,25.51198442945872,25.07252,0.0,0.0,0.0,0.42154440568552054,0.0,0.0,0.0,0.017920023773200455,1.1253626,1.0
u006_002,4,335.07422204262156,361.65800595021847,26.58378390759691,26.190639,0.0,0.0,0.0,0.38358123798086213,0.0,0.0,0.0,0.009563669616046155,1.130953195,1.0
u006_003,0,245.4941249762525,266.58290630693114,21.088781330678643,20.479059,0.0,0.0,0.0,0.6285399824451448,0.0,0.0,0.0,-0.01881765176650063,1.102395295,1.0
u006_003,1,245.4941249762525,267.6391242899767,22.144999313724185,21.667135000000002,0.0,0.0,0.0,0.48467520438931044,0.0,0.0,0.0,-0.006810890665128966,1.108335675,1.0
u006_003,2,245.4941249762525,265.9627441929357,20.46861921668321,19.812249,0.0,0.0,0.0,0.6631944506424,0.0,0.0,0.0,-0.006824233959193293,1.099061245,1.0
u006_003,3,245.4941249762525,267.59001234508895,22.095887368836458,21.534149,0.0,0.0,0.0,0.5672013283077585,0.0,0.0,0.0,-0.00546295947129849,1.107670745,1.0
u006_003,4,245.4941249762525,268.35520502130413,22.861080045051636,22.337519,0.0,0.0,0.0,0.5298944820053615,0.0,0.0,0.0,-0.006333436953724458,1.111687595,1.0
u006_006,0,301.16243171504254,324.72126092521074,23.5588292101682,22.926851,0.0,0.0,0.0,0.648835314184808,0.0,0.0,0.0,-0.01685710401660856,1.114634255,1.0
u006_006,1,301.16243171504254,325.76515607793533,24.602724362892786,24.087709999999998,0.0,0.0,0.0,0.49808436809379036,0.0,0.0,0.0,0.016929994798999815,1.12043855,1.0
u006_006,2,301.16243171504254,324.03957273045916,22.877141015416612,22.180379,0.0,0.0,0.0,0.683707706332106,0.0,0.0,0.0,0.013054309084505888,1.110901895,1.0
u006_006,3,301.16243171504254,325.85097060063805,24.688538885595506,24.108041,0.0,0.0,0.0,0.5847555640761691,0.0,0.0,0.0,-0.004257678480662719,1.120540205,1.0
u006_006,4,301.16243171504254,327.408222064473,26.24579034943048,25.7102,0.0,0.0,0.0,0.5403871497883022,0.0,0.0,0.0,-0.004796800357823372,1.128551,1.0
u007_001,0,239.0275555387508,259.19396265522727,20.166407116476478,19.52907,0.0,0.0,0.0,0.6338321742317492,0.0,0.0,0.0,0.003504942244727971,1.09764535,1.0
u007_001,1,239.0275555387508,260.4804557709162,21.452900232165405,20.950285,0.0,0.0,0.0,0.4899065353163418,0.0,0.0,0.0,0.012708696849063728,1.104751425,1.0
u007_001,2,239.0275555387508,258.5980471345903,19.570491595839485,18.89321,0.0,0.0,0.0,0.6696583214411976,0.0,0.0,0.0,0.007623274398287805,1.09446605,1.0
u007_001,3,239.0275555387508,260.1599755417668,21.132420003016023,20.535197,0.0,0.0,0.0,0.5744688141884693,0.0,0.0,0.0,0.022754188827551758,1.102675985,1.0
u007_001,4,239.0275555387508,261.4561563699717,22.428600831220933,21.89991,0.0,0.0,0.0,0.5286707592725111,0.0,0.0,0.0,2.007194842335025e-05,1.10949955,1.0
u007_002,0,335.6706284606052,358.86564067559107,23.195012214985866,22.718229,0.0,0.0,0.0,0.47905619997042465,0.0,0.0,0.0,-0.0022729849845610772,1.113591145,1.0
u007_002,1,335.6706284606052,360.7546518147158,25.084023354110627,24.711648,0.0,0.0,0.0,0.35684764906071714,0.0,0.0,0.0,0.015527705049908747,1.12355824,1.0
u007_002,2,335.6706284606052,358.7859850849255,23.115356624320327,22.596180999999998,0.0,0.0,0.0,0.5049712586654522,0.0,0.0,0.0,0.014204365654876483,1.112980905,1.0
u007_002,3,335.6706284606052,361.18707930339843,25.516450842793233,25.074001,0.0,0.0,0.0,0.42967033357405615,0.0,0.0,0.0,0.01277950921917892,1.125370005,1.0
u007_002,4,335.6706284606052,362.26745823648133,26.59682977587613,26.192189,0.0,0.0,0.0,0.3908042435402914,0.0,0.0,0.0,0.013836532335840701,1.130960945,1.0
u007_003,0,235.5037148276223,256.57381915432853,21.07010432670623,20.413856,0.0,0.0,0.0,0.6307401334461251,0.0,0.0,0.0,0.025508193260105116,1.10206928,1.0
u007_003,1,235.5037148276223,257.75303577753056,22.249320949908252,21.746739,0.0,0.0,0.0,0.4861295016406346,0.0,0.0,0.0,0.016452448267617825,1.108733695,1.0
u007_003,2,235.5037148276223,256.065165418725,20.56145059110267,19.88506,0.0,0.0,0.0,0.6668160332280154,0.0,0.0,0.0,0.009574557874653777,1.0994253,1.0
u007_003,3,235.5037148276223,257.70215104947465,22.198436221852347,21.613239999999998,0.0,0.0,0.0,0.5685910890343944,0.0,0.0,0.0,0.01660513281795417,1.1080662,1.0
u007_003,4,235.5037148276223,258.9513077812597,23.447592953637383,22.892128,0.0,0.0,0.0,0.5310935135862146,0.0,0.0,0.0,0.024371440051169202,1.11446064,1.0
u007_006,0,244.90175116089526,267.1855754067277,22.28382424583245,21.629939,0.0,0.0,0.0,0.6638978420175461,0.0,0.0,0.0,-0.010012596185099198,1.108149695,1.0
u007_006,1,244.90175116089526,268.4573278874962,23.555576726600947,23.042247,0.0,0.0,0.0,0.5129040927286672,0.0,0.0,0.0,0.0004256338722790076,1.115211235,1.0
u007_006,2,244.90175116089526,266.6755451571127,21.77379399621745,21.069648,0.0,0.0,0.0,0.7050666000806968,0.0,0.0,0.0,-0.0009206038632498803,1.10534824,1.0
u007_006,3,244.90175116089526,268.4083150198644,23.506563858969145,22.900791,0.0,0.0,0.0,0.6013174146979577,0.0,0.0,0.0,0.004455444271183495,1.114503955,1.0
u007_006,4,244.90175116089526,269.22070003830913,24.318948877413874,23.755180000000003,0.0,0.0,0.0,0.5448677905433494,0.0,0.0,0.0,0.018901086870521056,1.1187759,1.0
