unit_id,supported,elevation_m,slope_deg,aspect_deg,sky_view_factor,land_cover,unit_resolution_m,transport_status,synthetic_inputs,lead_hours,valid_time,n_members,hs_vertical_m_control,hs_vertical_m_p10,hs_vertical_m_p50,hs_vertical_m_p90,swe_kg_m2_horizontal_p50,new_snow_since_init_vertical_m_control,new_snow_since_init_vertical_m_p50,crust_present_member_fraction,crust_shallowest_depth_vertical_m_control,crust_shallowest_form_control,candidate_weak_layer_member_fraction,candidate_weak_layer_shallowest_depth_vertical_m_control,candidate_weak_layer_form_control,surface_lwc_vol_frac_max_member_p50,status
u000_001,True,1717.2,5.1,358.8,0.953,open,1000.0,unresolved,True,0,2026-01-15T00:00:00+00:00,5.0,0.9721,0.9721,0.9721,0.9721,272.04,0.0,0.0,1.0,0.65,MFcr,1.0,0.11,FC,0.0,ok
u000_001,True,1717.2,5.1,358.8,0.953,open,1000.0,unresolved,True,12,2026-01-15T12:00:00+00:00,5.0,0.971,0.9709,0.971,0.9711,272.11,0.0,0.0,1.0,0.649,MFcr,1.0,0.111,FC,0.0,ok
u000_001,True,1717.2,5.1,358.8,0.953,open,1000.0,unresolved,True,24,2026-01-16T00:00:00+00:00,5.0,1.044,1.0336,1.0385,1.0436,281.43,0.0755,0.0696,1.0,0.722,MFcr,1.0,0.076,FC,0.0,ok
u000_001,True,1717.2,5.1,358.8,0.953,open,1000.0,unresolved,True,48,2026-01-17T00:00:00+00:00,5.0,1.1104,1.1055,1.1174,1.1222,297.19,0.1518,0.1593,1.0,0.789,MFcr,1.0,0.152,FC,0.0,ok
u000_001,True,1717.2,5.1,358.8,0.953,open,1000.0,unresolved,True,72,2026-01-18T00:00:00+00:00,5.0,1.0984,1.0945,1.1054,1.1101,297.2,0.1492,0.157,1.0,0.777,MFcr,1.0,0.149,FC,0.0,ok
u000_002,True,1718.1,5.1,1.1,0.949,open,1000.0,unresolved,True,0,2026-01-15T00:00:00+00:00,5.0,0.9716,0.9716,0.9716,0.9716,271.96,0.0,0.0,1.0,0.65,MFcr,1.0,0.11,FC,0.0,ok
u000_002,True,1718.1,5.1,1.1,0.949,open,1000.0,unresolved,True,12,2026-01-15T12:00:00+00:00,5.0,0.9705,0.9704,0.9705,0.9706,272.06,0.0,0.0,1.0,0.649,MFcr,1.0,0.111,FC,0.0,ok
u000_002,True,1718.1,5.1,1.1,0.949,open,1000.0,unresolved,True,24,2026-01-16T00:00:00+00:00,5.0,1.0435,1.0331,1.038,1.0431,281.38,0.0755,0.0696,1.0,0.722,MFcr,1.0,0.075,FC,0.0,ok
u000_002,True,1718.1,5.1,1.1,0.949,open,1000.0,unresolved,True,48,2026-01-17T00:00:00+00:00,5.0,1.1098,1.1049,1.1205,1.1216,297.1,0.1516,0.1627,1.0,0.788,MFcr,1.0,0.152,FC,0.0,ok
u000_002,True,1718.1,5.1,1.1,0.949,open,1000.0,unresolved,True,72,2026-01-18T00:00:00+00:00,5.0,1.0978,1.0939,1.1083,1.1096,297.12,0.149,0.1604,1.0,0.776,MFcr,1.0,0.149,FC,0.0,ok
u000_003,True,1718.5,5.3,1.8,0.95,open,1000.0,unresolved,True,0,2026-01-15T00:00:00+00:00,5.0,0.9715,0.9715,0.9715,0.9715,271.85,0.0,0.0,1.0,0.65,MFcr,1.0,0.11,FC,0.0,ok
u000_003,True,1718.5,5.3,1.8,0.95,open,1000.0,unresolved,True,12,2026-01-15T12:00:00+00:00,5.0,0.9705,0.9704,0.9705,0.9705,271.93,0.0,0.0,1.0,0.649,MFcr,1.0,0.111,FC,0.0,ok
u000_003,True,1718.5,5.3,1.8,0.95,open,1000.0,unresolved,True,24,2026-01-16T00:00:00+00:00,5.0,1.0434,1.033,1.0379,1.043,281.27,0.0755,0.0696,1.0,0.722,MFcr,1.0,0.076,FC,0.0,ok
u000_003,True,1718.5,5.3,1.8,0.95,open,1000.0,unresolved,True,48,2026-01-17T00:00:00+00:00,5.0,1.1098,1.1049,1.1205,1.1215,297.0,0.1517,0.1626,1.0,0.788,MFcr,1.0,0.152,FC,0.0,ok
u000_003,True,1718.5,5.3,1.8,0.95,open,1000.0,unresolved,True,72,2026-01-18T00:00:00+00:00,5.0,1.0978,1.0938,1.1082,1.1095,297.02,0.1491,0.1604,1.0,0.777,MFcr,1.0,0.149,FC,0.0,ok
u000_004,True,1717.9,5.0,357.2,0.951,open,1000.0,unresolved,True,0,2026-01-15T00:00:00+00:00,5.0,0.9722,0.9722,0.9722,0.9722,272.16,0.0,0.0,1.0,0.65,MFcr,1.0,0.11,FC,0.0,ok
u000_004,True,1717.9,5.0,357.2,0.951,open,1000.0,unresolved,True,12,2026-01-15T12:00:00+00:00,5.0,0.9711,0.971,0.9711,0.9712,272.25,0.0,0.0,1.0,0.649,MFcr,1.0,0.111,FC,0.0,ok
u000_004,True,1717.9,5.0,357.2,0.951,open,1000.0,unresolved,True,24,2026-01-16T00:00:00+00:00,5.0,1.0441,1.0337,1.0386,1.0437,281.58,0.0755,0.0696,1.0,0.722,MFcr,1.0,0.076,FC,0.0,ok
u000_004,True,1717.9,5.0,357.2,0.951,open,1000.0,unresolved,True,48,2026-01-17T00:00:00+00:00,5.0,1.1105,1.1056,1.1175,1.1223,297.33,0.1517,0.1592,1.0,0.788,MFcr,1.0,0.152,FC,0.0,ok
u000_004,True,1717.9,5.0,357.2,0.951,open,1000.0,unresolved,True,72,2026-01-18T00:00:00+00:00,5.0,1.0985,1.0946,1.1055,1.1102,297.34,0.1491,0.157,1.0,0.777,MFcr,1.0,0.149,FC,0.0,ok
u000_005,True,1719.8,5.5,359.5,0.954,open,1000.0,unresolved,True,0,2026-01-15T00:00:00+00:00,5.0,0.9731,0.9731,0.9731,0.9731,272.32,0.0,0.0,1.0,0.65,MFcr,1.0,0.11,FC,0.0,ok
u000_005,True,1719.8,5.5,359.5,0.954,open,1000.0,unresolved,True,12,2026-01-15T12:00:00+00:00,5.0,0.972,0.9719,0.972,0.9721,272.39,0.0,0.0,1.0,0.649,MFcr,1.0,0.111,FC,0.0,ok
u000_005,True,1719.8,5.5,359.5,0.954,open,1000.0,unresolved,True,24,2026-01-16T00:00:00+00:00,5.0,1.0449,1.0345,1.0394,1.0445,281.71,0.0754,0.0695,1.0,0.722,MFcr,1.0,0.075,FC,0.0,ok
u000_005,True,1719.8,5.5,359.5,0.954,open,1000.0,unresolved,True,48,2026-01-17T00:00:00+00:00,5.0,1.1113,1.1064,1.122,1.1231,297.45,0.1516,0.1626,1.0,0.789,MFcr,1.0,0.152,FC,0.0,ok
u000_005,True,1719.8,5.5,359.5,0.954,open,1000.0,unresolved,True,72,2026-01-18T00:00:00+00:00,5.0,1.0994,1.0954,1.1098,1.1111,297.5,0.1491,0.1604,1.0,0.777,MFcr,1.0,0.149,FC,0.0,ok
u000_006,True,1724.5,6.3,358.6,0.959,open,1000.0,unresolved,True,0,2026-01-15T00:00:00+00:00,5.0,0.9843,0.9843,0.9843,0.9843,276.49,0.0,0.0,1.0,0.651,MFcr,1.0,0.11,FC,0.0,ok
u000_006,True,1724.5,6.3,358.6,0.959,open,1000.0,unresolved,True,12,2026-01-15T12:00:00+00:00,5.0,0.9833,0.9832,0.9833,0.9833,276.55,0.0,0.0,1.0,0.65,MFcr,1.0,0.111,FC,0.0,ok
u000_006,True,1724.5,6.3,358.6,0.959,open,1000.0,unresolved,True,24,2026-01-16T00:00:00+00:00,5.0,1.0559,1.0455,1.0504,1.0555,285.89,0.0752,0.0693,1.0,0.723,MFcr,1.0,0.075,FC,0.0,ok
u000_006,True,1724.5,6.3,358.6,0.959,open,1000.0,unresolved,True,48,2026-01-17T00:00:00+00:00,5.0,1.1223,1.1173,1.1334,1.1366,301.63,0.1513,0.1629,1.0,0.79,MFcr,1.0,0.151,FC,0.0,ok
u000_006,True,1724.5,6.3,358.6,0.959,open,1000.0,unresolved,True,72,2026-01-18T00:00:00+00:00,5.0,1.1105,1.1064,1.1212,1.1245,301.67,0.1489,0.1604,1.0,0.778,MFcr,1.0,0.149,FC,0.0,ok
u001_000,True,2021.2,31.9,0.3,0.918,open,1000.0,unresolved,True,0,2026-01-15T00:00:00+00:00,5.0,1.193,1.193,1.193,1.193,330.52,0.0,0.0,1.0,0.714,MFcr,1.0,0.241,FC,0.0,ok
u001_000,True,2021.2,31.9,0.3,0.918,open,1000.0,unresolved,True,12,2026-01-15T12:00:00+00:00,5.0,1.1915,1.1914,1.1915,1.1915,330.63,0.0,0.0,1.0,0.713,MFcr,1.0,0.241,FC,0.0,ok
u001_000,True,2021.2,31.9,0.3,0.918,open,1000.0,unresolved,True,24,2026-01-16T00:00:00+00:00,5.0,1.2548,1.2556,1.2581,1.267,339.98,0.0672,0.0701,1.0,0.776,MFcr,1.0,0.067,FC,0.0,ok
u001_000,True,2021.2,31.9,0.3,0.918,open,1000.0,unresolved,True,48,2026-01-17T00:00:00+00:00,5.0,1.3276,1.3279,1.3437,1.3591,355.66,0.1526,0.1693,1.0,0.849,MFcr,1.0,0.153,FC,0.0,ok
u001_000,True,2021.2,31.9,0.3,0.918,open,1000.0,unresolved,True,72,2026-01-18T00:00:00+00:00,5.0,1.3148,1.3151,1.3302,1.344,355.68,0.1511,0.1678,1.0,0.837,MFcr,1.0,0.106,FC,0.0,ok
u001_001,True,2024.2,32.5,359.3,0.914,open,1000.0,unresolved,True,0,2026-01-15T00:00:00+00:00,5.0,1.1971,1.1971,1.1971,1.1971,331.12,0.0,0.0,1.0,0.716,MFcr,1.0,0.241,FC,0.0,ok
u001_001,True,2024.2,32.5,359.3,0.914,open,1000.0,unresolved,True,12,2026-01-15T12:00:00+00:00,5.0,1.1955,1.1954,1.1955,1.1956,331.23,0.0,0.0,1.0,0.715,MFcr,1.0,0.241,FC,0.0,ok
u001_001,True,2024.2,32.5,359.3,0.914,open,1000.0,unresolved,True,24,2026-01-16T00:00:00+00:00,5.0,1.2587,1.2595,1.2631,1.2711,340.57,0.0671,0.071,1.0,0.778,MFcr,1.0,0.067,FC,0.0,ok
u001_001,True,2024.2,32.5,359.3,0.914,open,1000.0,unresolved,True,48,2026-01-17T00:00:00+00:00,5.0,1.3315,1.3318,1.35,1.3636,356.24,0.1524,0.1716,1.0,0.851,MFcr,1.0,0.152,FC,0.0,ok
u001_001,True,2024.2,32.5,359.3,0.914,open,1000.0,unresolved,True,72,2026-01-18T00:00:00+00:00,5.0,1.3187,1.3191,1.3364,1.3484,356.27,0.151,0.1699,1.0,0.839,MFcr,1.0,0.106,FC,0.0,ok
u001_002,True,2034.3,33.5,360.0,0.91,open,1000.0,unresolved,True,0,2026-01-15T00:00:00+00:00,5.0,1.2047,1.2047,1.2047,1.2047,332.37,0.0,0.0,1.0,0.719,MFcr,1.0,0.253,FC,0.0,ok
u001_002,True,2034.3,33.5,360.0,0.91,open,1000.0,unresolved,True,12,2026-01-15T12:00:00+00:00,5.0,1.2032,1.2031,1.2032,1.2032,332.48,0.0,0.0,1.0,0.718,MFcr,1.0,0.242,FC,0.0,ok
u001_002,True,2034.3,33.5,360.0,0.91,open,1000.0,unresolved,True,24,2026-01-16T00:00:00+00:00,5.0,1.2659,1.2667,1.2706,1.28,341.83,0.0667,0.0709,1.0,0.781,MFcr,1.0,0.067,FC,0.0,ok
u001_002,True,2034.3,33.5,360.0,0.91,open,1000.0,unresolved,True,48,2026-01-17T00:00:00+00:00,5.0,1.3389,1.3435,1.3575,1.3713,357.5,0.1523,0.1715,1.0,0.854,MFcr,1.0,0.152,FC,0.0,ok
u001_002,True,2034.3,33.5,360.0,0.91,open,1000.0,unresolved,True,72,2026-01-18T00:00:00+00:00,5.0,1.3261,1.3304,1.344,1.3562,357.54,0.1509,0.17,1.0,0.842,MFcr,1.0,0.106,FC,0.0,ok
u001_003,True,2023.4,32.5,0.5,0.914,open,1000.0,unresolved,True,0,2026-01-15T00:00:00+00:00,5.0,1.1962,1.1962,1.1962,1.1962,330.88,0.0,0.0,1.0,0.716,MFcr,1.0,0.241,FC,0.0,ok
u001_003,True,2023.4,32.5,0.5,0.914,open,1000.0,unresolved,True,12,2026-01-15T12:00:00+00:00,5.0,1.1946,1.1945,1.1946,1.1947,330.98,0.0,0.0,1.0,0.714,MFcr,1.0,0.241,FC,0.0,ok
u001_003,True,2023.4,32.5,0.5,0.914,open,1000.0,unresolved,True,24,2026-01-16T00:00:00+00:00,5.0,1.2579,1.2587,1.2622,1.2702,340.32,0.0672,0.071,1.0,0.778,MFcr,1.0,0.067,FC,0.0,ok
u001_003,True,2023.4,32.5,0.5,0.914,open,1000.0,unresolved,True,48,2026-01-17T00:00:00+00:00,5.0,1.3307,1.331,1.3491,1.3627,355.99,0.1525,0.1716,1.0,0.851,MFcr,1.0,0.153,FC,0.0,ok
u001_003,True,2023.4,32.5,0.5,0.914,open,1000.0,unresolved,True,72,2026-01-18T00:00:00+00:00,5.0,1.3179,1.3183,1.3355,1.3476,356.04,0.1511,0.1699,1.0,0.838,MFcr,1.0,0.106,FC,0.0,ok
u001_004,True,2019.9,32.2,0.3,0.916,open,1000.0,unresolved,True,0,2026-01-15T00:00:00+00:00,5.0,1.1949,1.1949,1.1949,1.1949,331.06,0.0,0.0,1.0,0.723,MFcr,1.0,0.241,FC,0.0,ok
u001_004,True,2019.9,32.2,0.3,0.916,open,1000.0,unresolved,True,12,2026-01-15T12:00:00+00:00,5.0,1.1934,1.1933,1.1934,1.1934,331.18,0.0,0.0,1.0,0.722,MFcr,1.0,0.241,FC,0.0,ok
u001_004,True,2019.9,32.2,0.3,0.916,open,1000.0,unresolved,True,24,2026-01-16T00:00:00+00:00,5.0,1.2568,1.2576,1.26,1.2689,340.5,0.0673,0.0712,1.0,0.785,MFcr,1.0,0.067,FC,0.0,ok
u001_004,True,2019.9,32.2,0.3,0.916,open,1000.0,unresolved,True,48,2026-01-17T00:00:00+00:00,5.0,1.3297,1.3299,1.3459,1.361,356.2,0.1527,0.1711,1.0,0.858,MFcr,1.0,0.153,FC,0.0,ok
u001_004,True,2019.9,32.2,0.3,0.916,open,1000.0,unresolved,True,72,2026-01-18T00:00:00+00:00,5.0,1.3169,1.3172,1.3323,1.3459,356.24,0.1513,0.1694,1.0,0.845,MFcr,1.0,0.106,FC,0.0,ok
u001_005,True,2020.3,31.9,359.9,0.918,open,1000.0,unresolved,True,0,2026-01-15T00:00:00+00:00,5.0,1.1941,1.1941,1.1941,1.1941,331.01,0.0,0.0,1.0,0.714,MFcr,1.0,0.241,FC,0.0,ok
u001_005,True,2020.3,31.9,359.9,0.918,open,1000.0,unresolved,True,12,2026-01-15T12:00:00+00:00,5.0,1.1925,1.1924,1.1925,1.1926,331.08,0.0,0.0,1.0,0.713,MFcr,1.0,0.241,FC,0.0,ok
u001_005,True,2020.3,31.9,359.9,0.918,open,1000.0,unresolved,True,24,2026-01-16T00:00:00+00:00,5.0,1.2559,1.2567,1.2592,1.2681,340.45,0.0673,0.0701,1.0,0.776,MFcr,1.0,0.067,FC,0.0,ok
u001_005,True,2020.3,31.9,359.9,0.918,open,1000.0,unresolved,True,48,2026-01-17T00:00:00+00:00,5.0,1.3288,1.329,1.3448,1.3602,356.12,0.1527,0.1693,1.0,0.849,MFcr,1.0,0.153,FC,0.0,ok
u001_005,True,2020.3,31.9,359.9,0.918,open,1000.0,unresolved,True,72,2026-01-18T00:00:00+00:00,5.0,1.3159,1.3163,1.3313,1.3451,356.18,0.1512,0.1678,1.0,0.845,MFcr,1.0,0.106,FC,0.0,ok
u001_006,True,2020.9,31.9,0.1,0.918,open,1000.0,unresolved,True,0,2026-01-15T00:00:00+00:00,5.0,1.1941,1.1941,1.1941,1.1941,331.08,0.0,0.0,1.0,0.723,MFcr,1.0,0.241,FC,0.0,ok
u001_006,True,2020.9,31.9,0.1,0.918,open,1000.0,unresolved,True,12,2026-01-15T12:00:00+00:00,5.0,1.1926,1.1925,1.1926,1.1926,331.19,0.0,0.0,1.0,0.713,MFcr,1.0,0.241,FC,0.0,ok
u001_006,True,2020.9,31.9,0.1,0.918,open,1000.0,unresolved,True,24,2026-01-16T00:00:00+00:00,5.0,1.256,1.2568,1.2592,1.2682,340.56,0.0673,0.07,1.0,0.776,MFcr,1.0,0.067,FC,0.0,ok
u001_006,True,2020.9,31.9,0.1,0.918,open,1000.0,unresolved,True,48,2026-01-17T00:00:00+00:00,5.0,1.3288,1.3291,1.3449,1.3603,356.21,0.1526,0.1694,1.0,0.849,MFcr,1.0,0.153,FC,0.0,ok
u001_006,True,2020.9,31.9,0.1,0.918,open,1000.0,unresolved,True,72,2026-01-18T00:00:00+00:00,5.0,1.316,1.3163,1.3314,1.3451,356.26,0.1512,0.1678,1.0,0.845,MFcr,1.0,0.106,FC,0.0,ok
u001_007,True,2092.6,36.4,0.1,0.901,open,1000.0,unresolved,True,0,2026-01-15T00:00:00+00:00,5.0,1.2508,1.2508,1.2508,1.2508,340.69,0.0,0.0,1.0,0.749,MFcr,1.0,0.232,FC,0.0,ok
u001_007,True,2092.6,36.4,0.1,0.901,open,1000.0,unresolved,True,12,2026-01-15T12:00:00+00:00,5.0,1.2492,1.2491,1.2492,1.2493,340.83,0.0,0.0,1.0,0.747,MFcr,1.0,0.232,FC,0.0,ok
u001_007,True,2092.6,36.4,0.1,0.901,open,1000.0,unresolved,True,24,2026-01-16T00:00:00+00:00,5.0,1.3113,1.3126,1.3198,1.3264,350.18,0.0663,0.0743,1.0,0.809,MFcr,1.0,0.066,FC,0.0,ok
u001_007,True,2092.6,36.4,0.1,0.901,open,1000.0,unresolved,True,48,2026-01-17T00:00:00+00:00,5.0,1.3897,1.3924,1.4084,1.4204,365.72,0.1579,0.1772,1.0,0.888,MFcr,1.0,0.158,FC,0.0,ok
u001_007,True,2092.6,36.4,0.1,0.901,open,1000.0,unresolved,True,72,2026-01-18T00:00:00+00:00,5.0,1.3765,1.3791,1.3941,1.4048,365.77,0.1567,0.1754,1.0,0.875,MFcr,1.0,0.157,FC,0.0,ok
u002_000,True,2777.0,22.4,359.9,0.961,open,1000.0,unresolved,True,0,2026-01-15T00:00:00+00:00,5.0,1.377,1.377,1.377,1.377,355.54,0.0,0.0,0.0,,,1.0,0.334,FCxr,0.0,ok
u002_000,True,2777.0,22.4,359.9,0.961,open,1000.0,unresolved,True,12,2026-01-15T12:00:00+00:00,5.0,1.3744,1.3742,1.3744,1.3745,355.61,0.0,0.0,0.0,,,1.0,0.334,FCxr,0.0,ok
u002_000,True,2777.0,22.4,359.9,0.961,open,1000.0,unresolved,True,24,2026-01-16T00:00:00+00:00,5.0,1.4524,1.4576,1.4712,1.4757,365.52,0.0842,0.1033,0.0,,,1.0,0.413,FCxr,0.0,ok
u002_000,True,2777.0,22.4,359.9,0.961,open,1000.0,unresolved,True,48,2026-01-17T00:00:00+00:00,5.0,1.5431,1.5446,1.5628,1.5763,380.89,0.1951,0.2158,0.0,,,1.0,0.508,FCxr,0.0,ok
u002_000,True,2777.0,22.4,359.9,0.961,open,1000.0,unresolved,True,72,2026-01-18T00:00:00+00:00,5.0,1.5192,1.5206,1.5363,1.5475,380.92,0.189,0.2075,0.0,,,1.0,0.489,FCxr,0.0,ok
u002_001,True,2824.0,28.1,345.2,0.94,open,1000.0,unresolved,True,0,2026-01-15T00:00:00+00:00,5.0,1.4019,1.4019,1.4019,1.4019,355.45,0.0,0.0,0.0,,,1.0,0.341,FCxr,0.0,ok
u002_001,True,2824.0,28.1,345.2,0.94,open,1000.0,unresolved,True,12,2026-01-15T12:00:00+00:00,5.0,1.3993,1.3991,1.3993,1.3993,355.54,0.0,0.0,0.0,,,1.0,0.34,FCxr,0.0,ok
u002_001,True,2824.0,28.1,345.2,0.94,open,1000.0,unresolved,True,24,2026-01-16T00:00:00+00:00,5.0,1.4818,1.4857,1.494,1.5024,365.44,0.089,0.1014,0.0,,,1.0,0.424,FCxr,0.0,ok
u002_001,True,2824.0,28.1,345.2,0.94,open,1000.0,unresolved,True,48,2026-01-17T00:00:00+00:00,5.0,1.5709,1.5727,1.5916,1.6043,380.79,0.1987,0.2204,0.0,,,1.0,0.518,FCxr,0.0,ok
u002_001,True,2824.0,28.1,345.2,0.94,open,1000.0,unresolved,True,72,2026-01-18T00:00:00+00:00,5.0,1.5465,1.5482,1.5647,1.575,380.82,0.1925,0.2122,0.0,,,1.0,0.418,FC,0.0,ok
u002_002,True,2953.1,38.9,360.0,0.889,open,1000.0,unresolved,True,0,2026-01-15T00:00:00+00:00,5.0,1.4683,1.4683,1.4683,1.4683,354.84,0.0,0.0,0.0,,,1.0,0.271,FC,0.0,ok
u002_002,True,2953.1,38.9,360.0,0.889,open,1000.0,unresolved,True,12,2026-01-15T12:00:00+00:00,5.0,1.4655,1.4653,1.4655,1.4656,354.94,0.0,0.0,0.0,,,1.0,0.27,FC,0.0,ok
u002_002,True,2953.1,38.9,360.0,0.889,open,1000.0,unresolved,True,24,2026-01-16T00:00:00+00:00,5.0,1.5516,1.554,1.5635,1.5726,364.82,0.093,0.1052,0.0,,,1.0,0.359,FC,0.0,ok
u002_002,True,2953.1,38.9,360.0,0.889,open,1000.0,unresolved,True,48,2026-01-17T00:00:00+00:00,5.0,1.6414,1.6438,1.668,1.6774,380.13,0.2046,0.2323,0.0,,,1.0,0.455,FC,0.0,ok
u002_002,True,2953.1,38.9,360.0,0.889,open,1000.0,unresolved,True,72,2026-01-18T00:00:00+00:00,5.0,1.6165,1.6187,1.6401,1.6474,380.17,0.1989,0.2236,0.0,,,1.0,0.432,FC,0.0,ok
u002_003,True,2822.3,27.9,14.5,0.941,open,1000.0,unresolved,True,0,2026-01-15T00:00:00+00:00,5.0,1.4014,1.4014,1.4014,1.4014,355.43,0.0,0.0,0.0,,,1.0,0.34,FCxr,0.0,ok
u002_003,True,2822.3,27.9,14.5,0.941,open,1000.0,unresolved,True,12,2026-01-15T12:00:00+00:00,5.0,1.3988,1.3986,1.3988,1.3989,355.53,0.0,0.0,0.0,,,1.0,0.34,FCxr,0.0,ok
u002_003,True,2822.3,27.9,14.5,0.941,open,1000.0,unresolved,True,24,2026-01-16T00:00:00+00:00,5.0,1.4813,1.4852,1.4935,1.5019,365.42,0.0889,0.1014,0.0,,,1.0,0.424,FCxr,0.0,ok
u002_003,True,2822.3,27.9,14.5,0.941,open,1000.0,unresolved,True,48,2026-01-17T00:00:00+00:00,5.0,1.5704,1.5721,1.591,1.6037,380.75,0.1987,0.2203,0.0,,,1.0,0.517,FCxr,0.0,ok
u002_003,True,2822.3,27.9,14.5,0.941,open,1000.0,unresolved,True,72,2026-01-18T00:00:00+00:00,5.0,1.5459,1.5476,1.5642,1.5744,380.81,0.1924,0.2121,0.0,,,1.0,0.418,FC,0.0,ok
u002_004,True,2777.6,22.6,0.4,0.961,open,1000.0,unresolved,True,0,2026-01-15T00:00:00+00:00,5.0,1.3773,1.3773,1.3773,1.3773,355.52,0.0,0.0,0.0,,,1.0,0.335,FCxr,0.0,ok
u002_004,True,2777.6,22.6,0.4,0.961,open,1000.0,unresolved,True,12,2026-01-15T12:00:00+00:00,5.0,1.3748,1.3746,1.3748,1.3748,355.62,0.0,0.0,0.0,,,1.0,0.334,FCxr,0.0,ok
u002_004,True,2777.6,22.6,0.4,0.961,open,1000.0,unresolved,True,24,2026-01-16T00:00:00+00:00,5.0,1.4528,1.458,1.4716,1.476,365.52,0.0842,0.1033,0.0,,,1.0,0.413,FCxr,0.0,ok
u002_004,True,2777.6,22.6,0.4,0.961,open,1000.0,unresolved,True,48,2026-01-17T00:00:00+00:00,5.0,1.5435,1.5451,1.5632,1.5766,380.87,0.1952,0.2158,0.0,,,1.0,0.508,FCxr,0.0,ok
u002_004,True,2777.6,22.6,0.4,0.961,open,1000.0,unresolved,True,72,2026-01-18T00:00:00+00:00,5.0,1.5196,1.521,1.5367,1.5478,380.93,0.1891,0.2075,0.0,,,1.0,0.489,FCxr,0.0,ok
u002_005,True,2776.6,22.4,0.1,0.962,open,1000.0,unresolved,True,0,2026-01-15T00:00:00+00:00,5.0,1.3769,1.3769,1.3769,1.3769,355.55,0.0,0.0,0.0,,,1.0,0.335,FCxr,0.0,ok
u002_005,True,2776.6,22.4,0.1,0.962,open,1000.0,unresolved,True,12,2026-01-15T12:00:00+00:00,5.0,1.3743,1.3741,1.3743,1.3744,355.63,0.0,0.0,0.0,,,1.0,0.334,FCxr,0.0,ok
u002_005,True,2776.6,22.4,0.1,0.962,open,1000.0,unresolved,True,24,2026-01-16T00:00:00+00:00,5.0,1.4523,1.4575,1.4711,1.4756,365.55,0.0842,0.1033,0.0,,,1.0,0.413,FCxr,0.0,ok
u002_005,True,2776.6,22.4,0.1,0.962,open,1000.0,unresolved,True,48,2026-01-17T00:00:00+00:00,5.0,1.543,1.5445,1.5627,1.5761,380.9,0.1951,0.2158,0.0,,,1.0,0.508,FCxr,0.0,ok
u002_005,True,2776.6,22.4,0.1,0.962,open,1000.0,unresolved,True,72,2026-01-18T00:00:00+00:00,5.0,1.5191,1.5205,1.5362,1.5474,380.93,0.189,0.2075,0.0,,,1.0,0.489,FCxr,0.0,ok
u002_006,True,2777.7,22.7,0.0,0.961,open,1000.0,unresolved,True,0,2026-01-15T00:00:00+00:00,5.0,1.3779,1.3779,1.3779,1.3779,355.55,0.0,0.0,0.0,,,1.0,0.335,FCxr,0.0,ok
u002_006,True,2777.7,22.7,0.0,0.961,open,1000.0,unresolved,True,12,2026-01-15T12:00:00+00:00,5.0,1.3754,1.3752,1.3754,1.3754,355.64,0.0,0.0,0.0,,,1.0,0.334,FCxr,0.0,ok
u002_006,True,2777.7,22.7,0.0,0.961,open,1000.0,unresolved,True,24,2026-01-16T00:00:00+00:00,5.0,1.4534,1.4586,1.4723,1.4766,365.57,0.0842,0.1034,0.0,,,1.0,0.414,FCxr,0.0,ok
u002_006,True,2777.7,22.7,0.0,0.961,open,1000.0,unresolved,True,48,2026-01-17T00:00:00+00:00,5.0,1.5442,1.5457,1.5638,1.5773,380.9,0.1953,0.2158,0.0,,,1.0,0.509,FCxr,0.0,ok
u002_006,True,2777.7,22.7,0.0,0.961,open,1000.0,unresolved,True,72,2026-01-18T00:00:00+00:00,5.0,1.5202,1.5216,1.5374,1.5485,380.93,0.1891,0.2076,0.0,,,1.0,0.489,FCxr,0.0,ok
u002_007,True,2776.0,22.4,0.2,0.962,open,1000.0,unresolved,True,0,2026-01-15T00:00:00+00:00,5.0,1.3772,1.3772,1.3772,1.3772,355.57,0.0,0.0,0.0,,,1.0,0.334,FCxr,0.0,ok
u002_007,True,2776.0,22.4,0.2,0.962,open,1000.0,unresolved,True,12,2026-01-15T12:00:00+00:00,5.0,1.3747,1.3745,1.3747,1.3747,355.65,0.0,0.0,0.0,,,1.0,0.334,FCxr,0.0,ok
u002_007,True,2776.0,22.4,0.2,0.962,open,1000.0,unresolved,True,24,2026-01-16T00:00:00+00:00,5.0,1.4526,1.4578,1.4714,1.4759,365.55,0.0842,0.1033,0.0,,,1.0,0.413,FCxr,0.0,ok
u002_007,True,2776.0,22.4,0.2,0.962,open,1000.0,unresolved,True,48,2026-01-17T00:00:00+00:00,5.0,1.5433,1.5447,1.5629,1.5764,380.88,0.1951,0.2156,0.0,,,1.0,0.508,FCxr,0.0,ok
u002_007,True,2776.0,22.4,0.2,0.962,open,1000.0,unresolved,True,72,2026-01-18T00:00:00+00:00,5.0,1.5194,1.5207,1.5365,1.5476,380.94,0.189,0.2074,0.0,,,1.0,0.489,FCxr,0.0,ok
u003_000,True,2471.5,41.1,181.3,0.859,open,1000.0,unresolved,True,0,2026-01-15T00:00:00+00:00,5.0,1.3389,1.3389,1.3389,1.3389,334.57,0.0,0.0,1.0,1.039,MFcr,1.0,0.0,FCxr,0.0,ok
u003_000,True,2471.5,41.1,181.3,0.859,open,1000.0,unresolved,True,12,2026-01-15T12:00:00+00:00,5.0,1.3369,1.3367,1.3369,1.337,334.69,0.0,0.0,1.0,1.038,MFcr,1.0,0.0,FCxr,0.0,ok
u003_000,True,2471.5,41.1,181.3,0.859,open,1000.0,unresolved,True,24,2026-01-16T00:00:00+00:00,5.0,1.4101,1.4131,1.4189,1.4348,343.94,0.0784,0.087,1.0,1.111,MFcr,1.0,0.078,DH,0.0,ok
u003_000,True,2471.5,41.1,181.3,0.859,open,1000.0,unresolved,True,48,2026-01-17T00:00:00+00:00,5.0,1.4923,1.4947,1.5156,1.5274,359.59,0.1764,0.2004,1.0,1.194,MFcr,1.0,0.176,DH,0.0,ok
u003_000,True,2471.5,41.1,181.3,0.859,open,1000.0,unresolved,True,72,2026-01-18T00:00:00+00:00,5.0,1.4741,1.4768,1.4927,1.5034,359.7,0.1731,0.1933,1.0,1.176,MFcr,1.0,0.173,DH,0.0,ok
u003_001,True,2635.8,41.8,209.9,0.851,open,1000.0,unresolved,True,0,2026-01-15T00:00:00+00:00,5.0,1.367,1.367,1.367,1.367,333.18,0.0,0.0,1.0,1.295,MFcr,1.0,0.014,FCxr,0.0,ok
u003_001,True,2635.8,41.8,209.9,0.851,open,1000.0,unresolved,True,12,2026-01-15T12:00:00+00:00,5.0,1.3646,1.3644,1.3646,1.3647,333.29,0.0,0.0,1.0,1.293,MFcr,1.0,0.015,FCxr,0.0,ok
u003_001,True,2635.8,41.8,209.9,0.851,open,1000.0,unresolved,True,24,2026-01-16T00:00:00+00:00,5.0,1.441,1.4458,1.4589,1.4635,343.21,0.0818,0.0997,1.0,1.369,MFcr,1.0,0.082,FC,0.0,ok
u003_001,True,2635.8,41.8,209.9,0.851,open,1000.0,unresolved,True,48,2026-01-17T00:00:00+00:00,5.0,1.5268,1.5285,1.5513,1.5639,358.57,0.1843,0.2096,1.0,1.455,MFcr,1.0,0.184,FC,0.0,ok
u003_001,True,2635.8,41.8,209.9,0.851,open,1000.0,unresolved,True,72,2026-01-18T00:00:00+00:00,5.0,1.5065,1.5085,1.526,1.537,358.61,0.1803,0.2013,1.0,1.435,MFcr,1.0,0.18,FC,0.0,ok
u003_002,True,3115.4,25.5,180.0,0.95,open,1000.0,unresolved,True,0,2026-01-15T00:00:00+00:00,5.0,1.3505,1.3505,1.3505,1.3505,348.79,0.0,0.0,1.0,1.302,MFcr,1.0,0.291,FC,0.0,ok
u003_002,True,3115.4,25.5,180.0,0.95,open,1000.0,unresolved,True,12,2026-01-15T12:00:00+00:00,5.0,1.3475,1.3473,1.3475,1.3476,348.86,0.0,0.0,1.0,1.299,MFcr,1.0,0.29,FC,0.0,ok
u003_002,True,3115.4,25.5,180.0,0.95,open,1000.0,unresolved,True,24,2026-01-16T00:00:00+00:00,5.0,1.4429,1.4456,1.4506,1.4603,358.7,0.1018,0.1098,1.0,1.395,MFcr,1.0,0.387,FC,0.0,ok
u003_002,True,3115.4,25.5,180.0,0.95,open,1000.0,unresolved,True,48,2026-01-17T00:00:00+00:00,5.0,1.527,1.5311,1.555,1.5626,374.01,0.2065,0.2356,1.0,1.479,MFcr,1.0,0.433,FC,0.0,ok
u003_002,True,3115.4,25.5,180.0,0.95,open,1000.0,unresolved,True,72,2026-01-18T00:00:00+00:00,5.0,1.4981,1.5019,1.5202,1.527,374.08,0.196,0.2199,1.0,1.45,MFcr,1.0,0.41,FC,0.0,ok
u003_003,True,2635.4,41.7,150.0,0.844,open,1000.0,unresolved,True,0,2026-01-15T00:00:00+00:00,5.0,1.3674,1.3674,1.3674,1.3674,333.64,0.0,0.0,1.0,1.28,MFcr,1.0,0.014,FCxr,0.0,ok
u003_003,True,2635.4,41.7,150.0,0.844,open,1000.0,unresolved,True,12,2026-01-15T12:00:00+00:00,5.0,1.3649,1.3647,1.3649,1.365,333.74,0.0,0.0,1.0,1.277,MFcr,1.0,0.015,FCxr,0.0,ok
u003_003,True,2635.4,41.7,150.0,0.844,open,1000.0,unresolved,True,24,2026-01-16T00:00:00+00:00,5.0,1.4412,1.446,1.4592,1.4638,343.66,0.0817,0.0998,1.0,1.354,MFcr,1.0,0.082,FC,0.0,ok
u003_003,True,2635.4,41.7,150.0,0.844,open,1000.0,unresolved,True,48,2026-01-17T00:00:00+00:00,5.0,1.5271,1.5288,1.5517,1.5643,359.05,0.1844,0.2098,1.0,1.44,MFcr,1.0,0.184,FC,0.0,ok
u003_003,True,2635.4,41.7,150.0,0.844,open,1000.0,unresolved,True,72,2026-01-18T00:00:00+00:00,5.0,1.5072,1.5091,1.5268,1.5379,359.11,0.1806,0.2017,1.0,1.42,MFcr,1.0,0.181,FC,0.0,ok
u003_004,True,2469.3,41.1,179.0,0.859,open,1000.0,unresolved,True,0,2026-01-15T00:00:00+00:00,5.0,1.3376,1.3376,1.3376,1.3376,334.59,0.0,0.0,1.0,1.038,MFcr,1.0,0.0,FCxr,0.0,ok
u003_004,True,2469.3,41.1,179.0,0.859,open,1000.0,unresolved,True,12,2026-01-15T12:00:00+00:00,5.0,1.3356,1.3353,1.3356,1.3356,334.68,0.0,0.0,1.0,1.037,MFcr,1.0,0.0,FCxr,0.0,ok
u003_004,True,2469.3,41.1,179.0,0.859,open,1000.0,unresolved,True,24,2026-01-16T00:00:00+00:00,5.0,1.4087,1.4117,1.4175,1.4333,343.97,0.0784,0.087,1.0,1.11,MFcr,1.0,0.078,DH,0.0,ok
u003_004,True,2469.3,41.1,179.0,0.859,open,1000.0,unresolved,True,48,2026-01-17T00:00:00+00:00,5.0,1.4907,1.4931,1.5139,1.5257,359.6,0.1763,0.2002,1.0,1.192,MFcr,1.0,0.176,DH,0.0,ok
u003_004,True,2469.3,41.1,179.0,0.859,open,1000.0,unresolved,True,72,2026-01-18T00:00:00+00:00,5.0,1.4724,1.4751,1.491,1.5016,359.67,0.173,0.1932,1.0,1.175,MFcr,1.0,0.173,DH,0.0,ok
u003_005,True,2468.3,41.1,180.0,0.868,open,1000.0,unresolved,True,0,2026-01-15T00:00:00+00:00,5.0,1.3389,1.3389,1.3389,1.3389,334.17,0.0,0.0,1.0,1.039,MFcr,1.0,0.0,FCxr,0.0,ok
u003_005,True,2468.3,41.1,180.0,0.868,open,1000.0,unresolved,True,12,2026-01-15T12:00:00+00:00,5.0,1.3368,1.3366,1.3368,1.3369,334.28,0.0,0.0,1.0,1.038,MFcr,1.0,0.0,FCxr,0.0,ok
u003_005,True,2468.3,41.1,180.0,0.868,open,1000.0,unresolved,True,24,2026-01-16T00:00:00+00:00,5.0,1.4099,1.4129,1.4187,1.4346,343.54,0.0783,0.0869,1.0,1.111,MFcr,1.0,0.078,DH,0.0,ok
u003_005,True,2468.3,41.1,180.0,0.868,open,1000.0,unresolved,True,48,2026-01-17T00:00:00+00:00,5.0,1.492,1.4944,1.5152,1.527,359.16,0.1764,0.2003,1.0,1.194,MFcr,1.0,0.176,DH,0.0,ok
u003_005,True,2468.3,41.1,180.0,0.868,open,1000.0,unresolved,True,72,2026-01-18T00:00:00+00:00,5.0,1.4737,1.4764,1.4923,1.503,359.25,0.1731,0.1932,1.0,1.176,MFcr,1.0,0.173,DH,0.0,ok
u003_006,True,2467.6,41.1,180.0,0.871,open,1000.0,unresolved,True,0,2026-01-15T00:00:00+00:00,5.0,1.339,1.339,1.339,1.339,334.19,0.0,0.0,1.0,1.039,MFcr,1.0,0.0,FCxr,0.0,ok
u003_006,True,2467.6,41.1,180.0,0.871,open,1000.0,unresolved,True,12,2026-01-15T12:00:00+00:00,5.0,1.3369,1.3367,1.3369,1.337,334.29,0.0,0.0,1.0,1.037,MFcr,1.0,0.0,FCxr,0.0,ok
u003_006,True,2467.6,41.1,180.0,0.871,open,1000.0,unresolved,True,24,2026-01-16T00:00:00+00:00,5.0,1.41,1.413,1.4188,1.4346,343.53,0.0784,0.087,1.0,1.111,MFcr,1.0,0.078,DH,0.0,ok
u003_006,True,2467.6,41.1,180.0,0.871,open,1000.0,unresolved,True,48,2026-01-17T00:00:00+00:00,5.0,1.4921,1.4945,1.5152,1.527,359.17,0.1764,0.2002,1.0,1.193,MFcr,1.0,0.176,DH,0.0,ok
u003_006,True,2467.6,41.1,180.0,0.871,open,1000.0,unresolved,True,72,2026-01-18T00:00:00+00:00,5.0,1.4738,1.4765,1.4924,1.503,359.25,0.1731,0.1933,1.0,1.176,MFcr,1.0,0.173,DH,0.0,ok
u003_007,True,2467.2,41.1,180.2,0.873,open,1000.0,unresolved,True,0,2026-01-15T00:00:00+00:00,5.0,1.3397,1.3397,1.3397,1.3397,334.18,0.0,0.0,1.0,1.04,MFcr,1.0,0.0,FCxr,0.0,ok
u003_007,True,2467.2,41.1,180.2,0.873,open,1000.0,unresolved,True,12,2026-01-15T12:00:00+00:00,5.0,1.3376,1.3374,1.3376,1.3377,334.3,0.0,0.0,1.0,1.038,MFcr,1.0,0.0,FCxr,0.0,ok
u003_007,True,2467.2,41.1,180.2,0.873,open,1000.0,unresolved,True,24,2026-01-16T00:00:00+00:00,5.0,1.4107,1.4137,1.4195,1.4353,343.56,0.0783,0.0869,1.0,1.111,MFcr,1.0,0.078,DH,0.0,ok
u003_007,True,2467.2,41.1,180.2,0.873,open,1000.0,unresolved,True,48,2026-01-17T00:00:00+00:00,5.0,1.4928,1.4952,1.516,1.5277,359.21,0.1764,0.2003,1.0,1.194,MFcr,1.0,0.176,DH,0.0,ok
u003_007,True,2467.2,41.1,180.2,0.873,open,1000.0,unresolved,True,72,2026-01-18T00:00:00+00:00,5.0,1.4745,1.4772,1.4931,1.5037,359.31,0.1731,0.1933,1.0,1.176,MFcr,1.0,0.173,DH,0.0,ok
u004_000,True,1740.1,20.6,183.8,0.894,open,1000.0,unresolved,True,0,2026-01-15T00:00:00+00:00,5.0,0.9123,0.9123,0.9123,0.9123,250.55,0.0,0.0,1.0,0.652,MFcr,1.0,0.0,FCxr,0.0,ok
u004_000,True,1740.1,20.6,183.8,0.894,open,1000.0,unresolved,True,12,2026-01-15T12:00:00+00:00,5.0,0.9109,0.9108,0.9109,0.9109,250.62,0.0,0.0,1.0,0.65,MFcr,1.0,0.0,FCxr,0.0,ok
u004_000,True,1740.1,20.6,183.8,0.894,open,1000.0,unresolved,True,24,2026-01-16T00:00:00+00:00,5.0,0.9832,0.9722,0.9778,0.9828,259.95,0.0749,0.0691,1.0,0.723,MFcr,1.0,0.075,FC,0.0,ok
u004_000,True,1740.1,20.6,183.8,0.894,open,1000.0,unresolved,True,48,2026-01-17T00:00:00+00:00,5.0,1.0491,1.0442,1.0599,1.0636,275.69,0.1496,0.1606,1.0,0.789,MFcr,1.0,0.15,FC,0.0,ok
u004_000,True,1740.1,20.6,183.8,0.894,open,1000.0,unresolved,True,72,2026-01-18T00:00:00+00:00,5.0,1.0375,1.0338,1.0481,1.0515,275.72,0.1467,0.1578,1.0,0.777,MFcr,1.0,0.147,FC,0.0,ok
u004_001,True,1950.1,33.6,235.3,0.86,open,1000.0,unresolved,True,0,2026-01-15T00:00:00+00:00,5.0,1.1326,1.1326,1.1326,1.1326,316.27,0.0,0.0,1.0,0.71,MFcr,1.0,0.0,FCxr,0.0,ok
u004_001,True,1950.1,33.6,235.3,0.86,open,1000.0,unresolved,True,12,2026-01-15T12:00:00+00:00,5.0,1.1309,1.1308,1.1309,1.1309,316.37,0.0,0.0,1.0,0.708,MFcr,1.0,0.0,FCxr,0.0,ok
u004_001,True,1950.1,33.6,235.3,0.86,open,1000.0,unresolved,True,24,2026-01-16T00:00:00+00:00,5.0,1.1963,1.1959,1.1966,1.2012,325.9,0.0703,0.0708,1.0,0.773,MFcr,1.0,0.07,FCxr,0.0,ok
u004_001,True,1950.1,33.6,235.3,0.86,open,1000.0,unresolved,True,48,2026-01-17T00:00:00+00:00,5.0,1.2613,1.2661,1.2837,1.294,341.41,0.1461,0.169,1.0,0.838,MFcr,1.0,0.146,FCxr,0.0,ok
u004_001,True,1950.1,33.6,235.3,0.86,open,1000.0,unresolved,True,72,2026-01-18T00:00:00+00:00,5.0,1.2493,1.2539,1.2704,1.2796,341.42,0.1443,0.1666,1.0,0.827,MFcr,1.0,0.144,FCxr,0.0,ok
u004_002,True,2552.2,19.5,179.6,0.968,open,1000.0,unresolved,True,0,2026-01-15T00:00:00+00:00,5.0,1.2615,1.2615,1.2615,1.2615,334.23,0.0,0.0,1.0,1.179,MFcr,1.0,0.236,FC,0.0,ok
u004_002,True,2552.2,19.5,179.6,0.968,open,1000.0,unresolved,True,12,2026-01-15T12:00:00+00:00,5.0,1.2592,1.2591,1.2592,1.2593,334.32,0.0,0.0,1.0,1.176,MFcr,1.0,0.231,FC,0.0,ok
u004_002,True,2552.2,19.5,179.6,0.968,open,1000.0,unresolved,True,24,2026-01-16T00:00:00+00:00,5.0,1.3334,1.3378,1.3456,1.357,343.58,0.0792,0.0915,1.0,1.251,MFcr,1.0,0.079,FC,0.0,ok
u004_002,True,2552.2,19.5,179.6,0.968,open,1000.0,unresolved,True,48,2026-01-17T00:00:00+00:00,5.0,1.414,1.4168,1.4393,1.4508,359.63,0.1765,0.2027,1.0,1.331,MFcr,1.0,0.177,FC,0.0,ok
u004_002,True,2552.2,19.5,179.6,0.968,open,1000.0,unresolved,True,72,2026-01-18T00:00:00+00:00,5.0,1.3935,1.3961,1.4145,1.4238,359.68,0.1716,0.1942,1.0,1.311,MFcr,1.0,0.172,FC,0.0,ok
u004_003,True,1951.5,33.4,125.0,0.848,open,1000.0,unresolved,True,0,2026-01-15T00:00:00+00:00,5.0,1.1324,1.1324,1.1324,1.1324,316.39,0.0,0.0,1.0,0.694,MFcr,1.0,0.0,FCxr,0.0,ok
u004_003,True,1951.5,33.4,125.0,0.848,open,1000.0,unresolved,True,12,2026-01-15T12:00:00+00:00,5.0,1.1306,1.1305,1.1306,1.1307,316.5,0.0,0.0,1.0,0.693,MFcr,1.0,0.0,FCxr,0.0,ok
u004_003,True,1951.5,33.4,125.0,0.848,open,1000.0,unresolved,True,24,2026-01-16T00:00:00+00:00,5.0,1.1959,1.1956,1.1963,1.2009,326.06,0.0703,0.0709,1.0,0.758,MFcr,1.0,0.07,FCxr,0.0,ok
u004_003,True,1951.5,33.4,125.0,0.848,open,1000.0,unresolved,True,48,2026-01-17T00:00:00+00:00,5.0,1.2608,1.2656,1.2833,1.2936,341.52,0.1462,0.1692,1.0,0.823,MFcr,1.0,0.146,FCxr,0.0,ok
u004_003,True,1951.5,33.4,125.0,0.848,open,1000.0,unresolved,True,72,2026-01-18T00:00:00+00:00,5.0,1.249,1.2536,1.2703,1.2795,341.58,0.1445,0.1669,1.0,0.812,MFcr,1.0,0.145,FCxr,0.0,ok
u004_004,True,1741.1,20.6,177.0,0.887,open,1000.0,unresolved,True,0,2026-01-15T00:00:00+00:00,5.0,0.9118,0.9118,0.9118,0.9118,250.56,0.0,0.0,1.0,0.645,MFcr,1.0,0.0,FCxr,0.0,ok
u004_004,True,1741.1,20.6,177.0,0.887,open,1000.0,unresolved,True,12,2026-01-15T12:00:00+00:00,5.0,0.9104,0.9103,0.9104,0.9104,250.65,0.0,0.0,1.0,0.644,MFcr,1.0,0.0,FCxr,0.0,ok
u004_004,True,1741.1,20.6,177.0,0.887,open,1000.0,unresolved,True,24,2026-01-16T00:00:00+00:00,5.0,0.9826,0.9716,0.9772,0.9822,259.98,0.0748,0.0691,1.0,0.716,MFcr,1.0,0.075,FC,0.0,ok
u004_004,True,1741.1,20.6,177.0,0.887,open,1000.0,unresolved,True,48,2026-01-17T00:00:00+00:00,5.0,1.0485,1.0436,1.0593,1.063,275.69,0.1495,0.1605,1.0,0.782,MFcr,1.0,0.149,FC,0.0,ok
u004_004,True,1741.1,20.6,177.0,0.887,open,1000.0,unresolved,True,72,2026-01-18T00:00:00+00:00,5.0,1.0369,1.0332,1.0476,1.0509,275.72,0.1466,0.1578,1.0,0.771,MFcr,1.0,0.147,FC,0.0,ok
u004_005,True,1737.9,20.8,179.3,0.914,open,1000.0,unresolved,True,0,2026-01-15T00:00:00+00:00,5.0,0.9115,0.9115,0.9115,0.9115,250.34,0.0,0.0,1.0,0.651,MFcr,1.0,0.0,FCxr,0.0,ok
u004_005,True,1737.9,20.8,179.3,0.914,open,1000.0,unresolved,True,12,2026-01-15T12:00:00+00:00,5.0,0.9101,0.91,0.9101,0.9101,250.39,0.0,0.0,1.0,0.65,MFcr,1.0,0.0,FCxr,0.0,ok
u004_005,True,1737.9,20.8,179.3,0.914,open,1000.0,unresolved,True,24,2026-01-16T00:00:00+00:00,5.0,0.9825,0.9714,0.977,0.9821,259.73,0.075,0.0691,1.0,0.722,MFcr,1.0,0.075,FC,0.0,ok
u004_005,True,1737.9,20.8,179.3,0.914,open,1000.0,unresolved,True,48,2026-01-17T00:00:00+00:00,5.0,1.0486,1.0437,1.0593,1.063,275.47,0.1498,0.1607,1.0,0.789,MFcr,1.0,0.15,FC,0.0,ok
u004_005,True,1737.9,20.8,179.3,0.914,open,1000.0,unresolved,True,72,2026-01-18T00:00:00+00:00,5.0,1.0371,1.0334,1.0477,1.051,275.5,0.147,0.1581,1.0,0.777,MFcr,1.0,0.147,FC,0.0,ok
u004_006,True,1738.9,20.8,180.8,0.921,open,1000.0,unresolved,True,0,2026-01-15T00:00:00+00:00,5.0,0.9127,0.9127,0.9127,0.9127,250.54,0.0,0.0,1.0,0.652,MFcr,1.0,0.0,FCxr,0.0,ok
u004_006,True,1738.9,20.8,180.8,0.921,open,1000.0,unresolved,True,12,2026-01-15T12:00:00+00:00,5.0,0.9113,0.9112,0.9113,0.9113,250.63,0.0,0.0,1.0,0.651,MFcr,1.0,0.0,FCxr,0.0,ok
u004_006,True,1738.9,20.8,180.8,0.921,open,1000.0,unresolved,True,24,2026-01-16T00:00:00+00:00,5.0,0.9837,0.9725,0.9781,0.9833,259.97,0.075,0.069,1.0,0.723,MFcr,1.0,0.075,FC,0.0,ok
u004_006,True,1738.9,20.8,180.8,0.921,open,1000.0,unresolved,True,48,2026-01-17T00:00:00+00:00,5.0,1.0498,1.0448,1.0605,1.0642,275.7,0.1498,0.1607,1.0,0.79,MFcr,1.0,0.15,FC,0.0,ok
u004_006,True,1738.9,20.8,180.8,0.921,open,1000.0,unresolved,True,72,2026-01-18T00:00:00+00:00,5.0,1.0383,1.0345,1.0488,1.0522,275.73,0.147,0.158,1.0,0.778,MFcr,1.0,0.147,FC,0.0,ok
u004_007,True,1736.0,21.2,179.3,0.934,open,1000.0,unresolved,True,0,2026-01-15T00:00:00+00:00,5.0,0.9228,0.9228,0.9228,0.9228,254.34,0.0,0.0,1.0,0.653,MFcr,1.0,0.0,FCxr,0.0,ok
u004_007,True,1736.0,21.2,179.3,0.934,open,1000.0,unresolved,True,12,2026-01-15T12:00:00+00:00,5.0,0.9214,0.9213,0.9214,0.9214,254.42,0.0,0.0,1.0,0.651,MFcr,1.0,0.0,FCxr,0.0,ok
u004_007,True,1736.0,21.2,179.3,0.934,open,1000.0,unresolved,True,24,2026-01-16T00:00:00+00:00,5.0,0.9939,0.9827,0.9883,0.9935,263.78,0.0751,0.0691,1.0,0.724,MFcr,1.0,0.075,FC,0.0,ok
u004_007,True,1736.0,21.2,179.3,0.934,open,1000.0,unresolved,True,48,2026-01-17T00:00:00+00:00,5.0,1.0602,1.0552,1.0708,1.0745,279.51,0.1501,0.1609,1.0,0.79,MFcr,1.0,0.15,FC,0.0,ok
u004_007,True,1736.0,21.2,179.3,0.934,open,1000.0,unresolved,True,72,2026-01-18T00:00:00+00:00,5.0,1.0487,1.0449,1.0592,1.0626,279.56,0.1473,0.1583,1.0,0.779,MFcr,1.0,0.147,FC,0.0,ok
u005_000,False,1572.6,3.2,205.4,0.924,forest,1000.0,unresolved,True,0,2026-01-15T00:00:00+00:00,,,,,,,,,,,,,,,,unsupported: forest canopy: SNOWPACK canopy module not enabled/validated (CANOPY=FALSE)
u005_000,False,1572.6,3.2,205.4,0.924,forest,1000.0,unresolved,True,12,2026-01-15T12:00:00+00:00,,,,,,,,,,,,,,,,unsupported: forest canopy: SNOWPACK canopy module not enabled/validated (CANOPY=FALSE)
u005_000,False,1572.6,3.2,205.4,0.924,forest,1000.0,unresolved,True,24,2026-01-16T00:00:00+00:00,,,,,,,,,,,,,,,,unsupported: forest canopy: SNOWPACK canopy module not enabled/validated (CANOPY=FALSE)
u005_000,False,1572.6,3.2,205.4,0.924,forest,1000.0,unresolved,True,48,2026-01-17T00:00:00+00:00,,,,,,,,,,,,,,,,unsupported: forest canopy: SNOWPACK canopy module not enabled/validated (CANOPY=FALSE)
u005_000,False,1572.6,3.2,205.4,0.924,forest,1000.0,unresolved,True,72,2026-01-18T00:00:00+00:00,,,,,,,,,,,,,,,,unsupported: forest canopy: SNOWPACK canopy module not enabled/validated (CANOPY=FALSE)
u005_001,True,1784.4,28.5,265.1,0.89,open,1000.0,unresolved,True,0,2026-01-15T00:00:00+00:00,5.0,1.0285,1.0285,1.0285,1.0285,287.29,0.0,0.0,1.0,0.667,MFcr,1.0,0.0,FCxr,0.0,ok
u005_001,True,1784.4,28.5,265.1,0.89,open,1000.0,unresolved,True,12,2026-01-15T12:00:00+00:00,5.0,1.0272,1.0271,1.0272,1.0273,287.36,0.0,0.0,1.0,0.665,MFcr,1.0,0.0,FCxr,0.0,ok
u005_001,True,1784.4,28.5,265.1,0.89,open,1000.0,unresolved,True,24,2026-01-16T00:00:00+00:00,5.0,1.0985,1.0894,1.0924,1.0969,296.73,0.0754,0.0689,1.0,0.737,MFcr,1.0,0.075,FC,0.0,ok
u005_001,True,1784.4,28.5,265.1,0.89,open,1000.0,unresolved,True,48,2026-01-17T00:00:00+00:00,5.0,1.1635,1.1598,1.1771,1.1837,312.45,0.1495,0.1632,1.0,0.802,MFcr,1.0,0.149,FC,0.0,ok
u005_001,True,1784.4,28.5,265.1,0.89,open,1000.0,unresolved,True,72,2026-01-18T00:00:00+00:00,5.0,1.1526,1.1498,1.1657,1.1723,312.49,0.1473,0.1609,1.0,0.791,MFcr,1.0,0.147,FC,0.0,ok
u005_002,True,2393.3,2.8,184.4,0.988,open,1000.0,unresolved,True,0,2026-01-15T00:00:00+00:00,5.0,1.2506,1.2506,1.2506,1.2506,335.12,0.0,0.0,1.0,0.731,MFcr,1.0,0.0,FCxr,0.0,ok
u005_002,True,2393.3,2.8,184.4,0.988,open,1000.0,unresolved,True,12,2026-01-15T12:00:00+00:00,5.0,1.2485,1.2484,1.2485,1.2485,335.21,0.0,0.0,1.0,0.729,MFcr,1.0,0.0,FCxr,0.0,ok
u005_002,True,2393.3,2.8,184.4,0.988,open,1000.0,unresolved,True,24,2026-01-16T00:00:00+00:00,5.0,1.3136,1.3186,1.3273,1.3429,344.47,0.0704,0.0843,1.0,0.795,MFcr,1.0,0.07,FCxr,0.0,ok
u005_002,True,2393.3,2.8,184.4,0.988,open,1000.0,unresolved,True,48,2026-01-17T00:00:00+00:00,5.0,1.394,1.3986,1.4218,1.4315,360.11,0.1681,0.1967,1.0,0.876,MFcr,1.0,0.168,FCxr,0.0,ok
u005_002,True,2393.3,2.8,184.4,0.988,open,1000.0,unresolved,True,72,2026-01-18T00:00:00+00:00,5.0,1.3751,1.3793,1.399,1.4069,360.19,0.1642,0.1897,1.0,0.858,MFcr,1.0,0.164,FCxr,0.0,ok
u005_003,True,1784.3,28.6,94.7,0.862,open,1000.0,unresolved,True,0,2026-01-15T00:00:00+00:00,5.0,1.025,1.025,1.025,1.025,286.75,0.0,0.0,1.0,0.665,MFcr,1.0,0.0,FCxr,0.0,ok
u005_003,True,1784.3,28.6,94.7,0.862,open,1000.0,unresolved,True,12,2026-01-15T12:00:00+00:00,5.0,1.0237,1.0236,1.0237,1.0238,286.86,0.0,0.0,1.0,0.663,MFcr,1.0,0.0,FCxr,0.0,ok
u005_003,True,1784.3,28.6,94.7,0.862,open,1000.0,unresolved,True,24,2026-01-16T00:00:00+00:00,5.0,1.095,1.086,1.0891,1.0934,296.19,0.0755,0.0692,1.0,0.735,MFcr,1.0,0.075,FCxr,0.0,ok
u005_003,True,1784.3,28.6,94.7,0.862,open,1000.0,unresolved,True,48,2026-01-17T00:00:00+00:00,5.0,1.1599,1.1563,1.1737,1.1802,311.94,0.1495,0.1634,1.0,0.8,MFcr,1.0,0.149,FCxr,0.0,ok
u005_003,True,1784.3,28.6,94.7,0.862,open,1000.0,unresolved,True,72,2026-01-18T00:00:00+00:00,5.0,1.1492,1.1464,1.1625,1.1689,311.96,0.1474,0.1612,1.0,0.789,MFcr,1.0,0.147,FC,0.0,ok
u005_004,False,1574.1,3.0,165.2,0.902,forest,1000.0,unresolved,True,0,2026-01-15T00:00:00+00:00,,,,,,,,,,,,,,,,unsupported: forest canopy: SNOWPACK canopy module not enabled/validated (CANOPY=FALSE)
u005_004,False,1574.1,3.0,165.2,0.902,forest,1000.0,unresolved,True,12,2026-01-15T12:00:00+00:00,,,,,,,,,,,,,,,,unsupported: forest canopy: SNOWPACK canopy module not enabled/validated (CANOPY=FALSE)
u005_004,False,1574.1,3.0,165.2,0.902,forest,1000.0,unresolved,True,24,2026-01-16T00:00:00+00:00,,,,,,,,,,,,,,,,unsupported: forest canopy: SNOWPACK canopy module not enabled/validated (CANOPY=FALSE)
u005_004,False,1574.1,3.0,165.2,0.902,forest,1000.0,unresolved,True,48,2026-01-17T00:00:00+00:00,,,,,,,,,,,,,,,,unsupported: forest canopy: SNOWPACK canopy module not enabled/validated (CANOPY=FALSE)
u005_004,False,1574.1,3.0,165.2,0.902,forest,1000.0,unresolved,True,72,2026-01-18T00:00:00+00:00,,,,,,,,,,,,,,,,unsupported: forest canopy: SNOWPACK canopy module not enabled/validated (CANOPY=FALSE)
u005_005,False,1596.8,3.7,302.6,0.906,forest,1000.0,unresolved,True,0,2026-01-15T00:00:00+00:00,,,,,,,,,,,,,,,,unsupported: forest canopy: SNOWPACK canopy module not enabled/validated (CANOPY=FALSE)
u005_005,False,1596.8,3.7,302.6,0.906,forest,1000.0,unresolved,True,12,2026-01-15T12:00:00+00:00,,,,,,,,,,,,,,,,unsupported: forest canopy: SNOWPACK canopy module not enabled/validated (CANOPY=FALSE)
u005_005,False,1596.8,3.7,302.6,0.906,forest,1000.0,unresolved,True,24,2026-01-16T00:00:00+00:00,,,,,,,,,,,,,,,,unsupported: forest canopy: SNOWPACK canopy module not enabled/validated (CANOPY=FALSE)
u005_005,False,1596.8,3.7,302.6,0.906,forest,1000.0,unresolved,True,48,2026-01-17T00:00:00+00:00,,,,,,,,,,,,,,,,unsupported: forest canopy: SNOWPACK canopy module not enabled/validated (CANOPY=FALSE)
u005_005,False,1596.8,3.7,302.6,0.906,forest,1000.0,unresolved,True,72,2026-01-18T00:00:00+00:00,,,,,,,,,,,,,,,,unsupported: forest canopy: SNOWPACK canopy module not enabled/validated (CANOPY=FALSE)
u005_006,False,1626.6,7.0,14.7,0.915,forest,1000.0,unresolved,True,0,2026-01-15T00:00:00+00:00,,,,,,,,,,,,,,,,unsupported: forest canopy: SNOWPACK canopy module not enabled/validated (CANOPY=FALSE)
u005_006,False,1626.6,7.0,14.7,0.915,forest,1000.0,unresolved,True,12,2026-01-15T12:00:00+00:00,,,,,,,,,,,,,,,,unsupported: forest canopy: SNOWPACK canopy module not enabled/validated (CANOPY=FALSE)
u005_006,False,1626.6,7.0,14.7,0.915,forest,1000.0,unresolved,True,24,2026-01-16T00:00:00+00:00,,,,,,,,,,,,,,,,unsupported: forest canopy: SNOWPACK canopy module not enabled/validated (CANOPY=FALSE)
u005_006,False,1626.6,7.0,14.7,0.915,forest,1000.0,unresolved,True,48,2026-01-17T00:00:00+00:00,,,,,,,,,,,,,,,,unsupported: forest canopy: SNOWPACK canopy module not enabled/validated (CANOPY=FALSE)
u005_006,False,1626.6,7.0,14.7,0.915,forest,1000.0,unresolved,True,72,2026-01-18T00:00:00+00:00,,,,,,,,,,,,,,,,unsupported: forest canopy: SNOWPACK canopy module not enabled/validated (CANOPY=FALSE)
u005_007,False,1581.6,2.1,86.1,0.955,forest,1000.0,unresolved,True,0,2026-01-15T00:00:00+00:00,,,,,,,,,,,,,,,,unsupported: forest canopy: SNOWPACK canopy module not enabled/validated (CANOPY=FALSE)
u005_007,False,1581.6,2.1,86.1,0.955,forest,1000.0,unresolved,True,12,2026-01-15T12:00:00+00:00,,,,,,,,,,,,,,,,unsupported: forest canopy: SNOWPACK canopy module not enabled/validated (CANOPY=FALSE)
u005_007,False,1581.6,2.1,86.1,0.955,forest,1000.0,unresolved,True,24,2026-01-16T00:00:00+00:00,,,,,,,,,,,,,,,,unsupported: forest canopy: SNOWPACK canopy module not enabled/validated (CANOPY=FALSE)
u005_007,False,1581.6,2.1,86.1,0.955,forest,1000.0,unresolved,True,48,2026-01-17T00:00:00+00:00,,,,,,,,,,,,,,,,unsupported: forest canopy: SNOWPACK canopy module not enabled/validated (CANOPY=FALSE)
u005_007,False,1581.6,2.1,86.1,0.955,forest,1000.0,unresolved,True,72,2026-01-18T00:00:00+00:00,,,,,,,,,,,,,,,,unsupported: forest canopy: SNOWPACK canopy module not enabled/validated (CANOPY=FALSE)
u006_000,False,1543.6,2.2,227.9,0.945,forest,1000.0,unresolved,True,0,2026-01-15T00:00:00+00:00,,,,,,,,,,,,,,,,unsupported: forest canopy: SNOWPACK canopy module not enabled/validated (CANOPY=FALSE)
u006_000,False,1543.6,2.2,227.9,0.945,forest,1000.0,unresolved,True,12,2026-01-15T12:00:00+00:00,,,,,,,,,,,,,,,,unsupported: forest canopy: SNOWPACK canopy module not enabled/validated (CANOPY=FALSE)
u006_000,False,1543.6,2.2,227.9,0.945,forest,1000.0,unresolved,True,24,2026-01-16T00:00:00+00:00,,,,,,,,,,,,,,,,unsupported: forest canopy: SNOWPACK canopy module not enabled/validated (CANOPY=FALSE)
u006_000,False,1543.6,2.2,227.9,0.945,forest,1000.0,unresolved,True,48,2026-01-17T00:00:00+00:00,,,,,,,,,,,,,,,,unsupported: forest canopy: SNOWPACK canopy module not enabled/validated (CANOPY=FALSE)
u006_000,False,1543.6,2.2,227.9,0.945,forest,1000.0,unresolved,True,72,2026-01-18T00:00:00+00:00,,,,,,,,,,,,,,,,unsupported: forest canopy: SNOWPACK canopy module not enabled/validated (CANOPY=FALSE)
u006_001,True,1752.2,28.7,267.0,0.91,open,1000.0,unresolved,True,0,2026-01-15T00:00:00+00:00,5.0,1.0121,1.0121,1.0121,1.0121,279.54,0.0,0.0,1.0,0.693,MFcr,1.0,0.0,FCxr,0.0,ok
u006_001,True,1752.2,28.7,267.0,0.91,open,1000.0,unresolved,True,12,2026-01-15T12:00:00+00:00,5.0,1.0108,1.0107,1.0108,1.0109,279.63,0.0,0.0,1.0,0.692,MFcr,1.0,0.0,FCxr,0.0,ok
u006_001,True,1752.2,28.7,267.0,0.91,open,1000.0,unresolved,True,24,2026-01-16T00:00:00+00:00,5.0,1.0835,1.072,1.0771,1.083,288.99,0.0766,0.0685,1.0,0.765,MFcr,1.0,0.077,FC,0.0,ok
u006_001,True,1752.2,28.7,267.0,0.91,open,1000.0,unresolved,True,48,2026-01-17T00:00:00+00:00,5.0,1.1499,1.1446,1.1587,1.1654,304.73,0.1519,0.161,1.0,0.831,MFcr,1.0,0.152,FC,0.0,ok
u006_001,True,1752.2,28.7,267.0,0.91,open,1000.0,unresolved,True,72,2026-01-18T00:00:00+00:00,5.0,1.1389,1.1346,1.1477,1.1543,304.77,0.1497,0.159,1.0,0.82,MFcr,1.0,0.15,FC,0.0,ok
u006_002,True,2365.7,1.5,172.2,0.994,open,1000.0,unresolved,True,0,2026-01-15T00:00:00+00:00,5.0,1.2484,1.2484,1.2484,1.2484,335.2,0.0,0.0,1.0,0.731,MFcr,1.0,0.0,FCxr,0.0,ok
u006_002,True,2365.7,1.5,172.2,0.994,open,1000.0,unresolved,True,12,2026-01-15T12:00:00+00:00,5.0,1.2463,1.2462,1.2463,1.2464,335.28,0.0,0.0,1.0,0.729,MFcr,1.0,0.0,FCxr,0.0,ok
u006_002,True,2365.7,1.5,172.2,0.994,open,1000.0,unresolved,True,24,2026-01-16T00:00:00+00:00,5.0,1.3119,1.3165,1.3247,1.34,344.56,0.0708,0.0838,1.0,0.795,MFcr,1.0,0.071,FCxr,0.0,ok
u006_002,True,2365.7,1.5,172.2,0.994,open,1000.0,unresolved,True,48,2026-01-17T00:00:00+00:00,5.0,1.3903,1.3953,1.4211,1.4286,360.22,0.1664,0.198,1.0,0.872,MFcr,1.0,0.166,FCxr,0.0,ok
u006_002,True,2365.7,1.5,172.2,0.994,open,1000.0,unresolved,True,72,2026-01-18T00:00:00+00:00,5.0,1.3718,1.3763,1.3985,1.4043,360.28,0.1627,0.1909,1.0,0.855,MFcr,1.0,0.163,FCxr,0.0,ok
u006_003,True,1753.8,28.8,92.9,0.878,open,1000.0,unresolved,True,0,2026-01-15T00:00:00+00:00,5.0,1.0123,1.0123,1.0123,1.0123,280.08,0.0,0.0,1.0,0.669,MFcr,1.0,0.0,FCxr,0.0,ok
u006_003,True,1753.8,28.8,92.9,0.878,open,1000.0,unresolved,True,12,2026-01-15T12:00:00+00:00,5.0,1.0109,1.0108,1.0109,1.011,280.14,0.0,0.0,1.0,0.668,MFcr,1.0,0.0,FCxr,0.0,ok
u006_003,True,1753.8,28.8,92.9,0.878,open,1000.0,unresolved,True,24,2026-01-16T00:00:00+00:00,5.0,1.0835,1.0724,1.0778,1.083,289.51,0.0766,0.0705,1.0,0.74,MFcr,1.0,0.077,FCxr,0.0,ok
u006_003,True,1753.8,28.8,92.9,0.878,open,1000.0,unresolved,True,48,2026-01-17T00:00:00+00:00,5.0,1.1497,1.1447,1.1588,1.1657,305.25,0.1517,0.1611,1.0,0.807,MFcr,1.0,0.152,FCxr,0.0,ok
u006_003,True,1753.8,28.8,92.9,0.878,open,1000.0,unresolved,True,72,2026-01-18T00:00:00+00:00,5.0,1.139,1.1349,1.148,1.1547,305.28,0.1497,0.1592,1.0,0.796,MFcr,1.0,0.15,FC,0.0,ok
u006_004,False,1544.8,1.4,201.7,0.922,forest,1000.0,unresolved,True,0,2026-01-15T00:00:00+00:00,,,,,,,,,,,,,,,,unsupported: forest canopy: SNOWPACK canopy module not enabled/validated (CANOPY=FALSE)
u006_004,False,1544.8,1.4,201.7,0.922,forest,1000.0,unresolved,True,12,2026-01-15T12:00:00+00:00,,,,,,,,,,,,,,,,unsupported: forest canopy: SNOWPACK canopy module not enabled/validated (CANOPY=FALSE)
u006_004,False,1544.8,1.4,201.7,0.922,forest,1000.0,unresolved,True,24,2026-01-16T00:00:00+00:00,,,,,,,,,,,,,,,,unsupported: forest canopy: SNOWPACK canopy module not enabled/validated (CANOPY=FALSE)
u006_004,False,1544.8,1.4,201.7,0.922,forest,1000.0,unresolved,True,48,2026-01-17T00:00:00+00:00,,,,,,,,,,,,,,,,unsupported: forest canopy: SNOWPACK canopy module not enabled/validated (CANOPY=FALSE)
u006_004,False,1544.8,1.4,201.7,0.922,forest,1000.0,unresolved,True,72,2026-01-18T00:00:00+00:00,,,,,,,,,,,,,,,,unsupported: forest canopy: SNOWPACK canopy module not enabled/validated (CANOPY=FALSE)
u006_005,False,1690.7,16.9,279.3,0.905,forest,1000.0,unresolved,True,0,2026-01-15T00:00:00+00:00,,,,,,,,,,,,,,,,unsupported: forest canopy: SNOWPACK canopy module not enabled/validated (CANOPY=FALSE)
u006_005,False,1690.7,16.9,279.3,0.905,forest,1000.0,unresolved,True,12,2026-01-15T12:00:00+00:00,,,,,,,,,,,,,,,,unsupported: forest canopy: SNOWPACK canopy module not enabled/validated (CANOPY=FALSE)
u006_005,False,1690.7,16.9,279.3,0.905,forest,1000.0,unresolved,True,24,2026-01-16T00:00:00+00:00,,,,,,,,,,,,,,,,unsupported: forest canopy: SNOWPACK canopy module not enabled/validated (CANOPY=FALSE)
u006_005,False,1690.7,16.9,279.3,0.905,forest,1000.0,unresolved,True,48,2026-01-17T00:00:00+00:00,,,,,,,,,,,,,,,,unsupported: forest canopy: SNOWPACK canopy module not enabled/validated (CANOPY=FALSE)
u006_005,False,1690.7,16.9,279.3,0.905,forest,1000.0,unresolved,True,72,2026-01-18T00:00:00+00:00,,,,,,,,,,,,,,,,unsupported: forest canopy: SNOWPACK canopy module not enabled/validated (CANOPY=FALSE)
u006_006,True,1857.4,11.1,49.8,0.962,open,1000.0,unresolved,True,0,2026-01-15T00:00:00+00:00,5.0,1.0596,1.0596,1.0596,1.0596,306.9,0.0,0.0,1.0,0.658,MFcr,1.0,0.111,FC,0.0,ok
u006_006,True,1857.4,11.1,49.8,0.962,open,1000.0,unresolved,True,12,2026-01-15T12:00:00+00:00,5.0,1.0582,1.0581,1.0582,1.0583,306.99,0.0,0.0,1.0,0.657,MFcr,1.0,0.111,FC,0.0,ok
u006_006,True,1857.4,11.1,49.8,0.962,open,1000.0,unresolved,True,24,2026-01-16T00:00:00+00:00,5.0,1.1258,1.1195,1.1241,1.1254,316.27,0.0716,0.0693,1.0,0.724,MFcr,1.0,0.072,FC,0.0,ok
u006_006,True,1857.4,11.1,49.8,0.962,open,1000.0,unresolved,True,48,2026-01-17T00:00:00+00:00,5.0,1.1895,1.1888,1.2099,1.218,331.94,0.1448,0.1653,1.0,0.788,MFcr,1.0,0.145,FC,0.0,ok
u006_006,True,1857.4,11.1,49.8,0.962,open,1000.0,unresolved,True,72,2026-01-18T00:00:00+00:00,5.0,1.1783,1.1781,1.1974,1.2057,331.97,0.1428,0.1622,1.0,0.777,MFcr,1.0,0.143,FC,0.0,ok
u006_007,False,1615.1,12.6,86.3,0.974,forest,1000.0,unresolved,True,0,2026-01-15T00:00:00+00:00,,,,,,,,,,,,,,,,unsupported: forest canopy: SNOWPACK canopy module not enabled/validated (CANOPY=FALSE)
u006_007,False,1615.1,12.6,86.3,0.974,forest,1000.0,unresolved,True,12,2026-01-15T12:00:00+00:00,,,,,,,,,,,,,,,,unsupported: forest canopy: SNOWPACK canopy module not enabled/validated (CANOPY=FALSE)
u006_007,False,1615.1,12.6,86.3,0.974,forest,1000.0,unresolved,True,24,2026-01-16T00:00:00+00:00,,,,,,,,,,,,,,,,unsupported: forest canopy: SNOWPACK canopy module not enabled/validated (CANOPY=FALSE)
u006_007,False,1615.1,12.6,86.3,0.974,forest,1000.0,unresolved,True,48,2026-01-17T00:00:00+00:00,,,,,,,,,,,,,,,,unsupported: forest canopy: SNOWPACK canopy module not enabled/validated (CANOPY=FALSE)
u006_007,False,1615.1,12.6,86.3,0.974,forest,1000.0,unresolved,True,72,2026-01-18T00:00:00+00:00,,,,,,,,,,,,,,,,unsupported: forest canopy: SNOWPACK canopy module not enabled/validated (CANOPY=FALSE)
u007_001,True,1782.8,33.3,269.2,0.904,open,1000.0,unresolved,True,0,2026-01-15T00:00:00+00:00,5.0,1.0429,1.0429,1.0429,1.0429,285.96,0.0,0.0,1.0,0.689,MFcr,1.0,0.0,FCxr,0.0,ok
u007_001,True,1782.8,33.3,269.2,0.904,open,1000.0,unresolved,True,12,2026-01-15T12:00:00+00:00,5.0,1.0417,1.0416,1.0417,1.0417,286.07,0.0,0.0,1.0,0.688,MFcr,1.0,0.0,FCxr,0.0,ok
u007_001,True,1782.8,33.3,269.2,0.904,open,1000.0,unresolved,True,24,2026-01-16T00:00:00+00:00,5.0,1.1133,1.1047,1.1065,1.1117,295.42,0.0758,0.0691,1.0,0.76,MFcr,1.0,0.076,FC,0.0,ok
u007_001,True,1782.8,33.3,269.2,0.904,open,1000.0,unresolved,True,48,2026-01-17T00:00:00+00:00,5.0,1.1786,1.175,1.1944,1.1993,311.18,0.1501,0.1663,1.0,0.825,MFcr,1.0,0.15,FC,0.0,ok
u007_001,True,1782.8,33.3,269.2,0.904,open,1000.0,unresolved,True,72,2026-01-18T00:00:00+00:00,5.0,1.1681,1.1653,1.1837,1.1881,311.25,0.1483,0.1646,1.0,0.815,MFcr,1.0,0.148,FC,0.0,ok
u007_002,True,2343.2,1.4,169.2,0.997,open,1000.0,unresolved,True,0,2026-01-15T00:00:00+00:00,5.0,1.2407,1.2407,1.2407,1.2407,335.77,0.0,0.0,1.0,0.732,MFcr,1.0,0.0,FCxr,0.0,ok
u007_002,True,2343.2,1.4,169.2,0.997,open,1000.0,unresolved,True,12,2026-01-15T12:00:00+00:00,5.0,1.2387,1.2386,1.2387,1.2388,335.88,0.0,0.0,1.0,0.73,MFcr,1.0,0.0,FCxr,0.0,ok
u007_002,True,2343.2,1.4,169.2,0.997,open,1000.0,unresolved,True,24,2026-01-16T00:00:00+00:00,5.0,1.2964,1.304,1.3168,1.332,345.16,0.0627,0.0833,1.0,0.788,MFcr,1.0,0.063,FCxr,0.0,ok
u007_002,True,2343.2,1.4,169.2,0.997,open,1000.0,unresolved,True,48,2026-01-17T00:00:00+00:00,5.0,1.3779,1.3838,1.4131,1.4206,360.83,0.1611,0.1971,1.0,0.871,MFcr,1.0,0.161,FCxr,0.0,ok
u007_002,True,2343.2,1.4,169.2,0.997,open,1000.0,unresolved,True,72,2026-01-18T00:00:00+00:00,5.0,1.3605,1.3657,1.3907,1.3966,360.87,0.1583,0.1902,1.0,0.854,MFcr,1.0,0.158,FCxr,0.0,ok
u007_003,True,1730.5,28.4,92.7,0.889,open,1000.0,unresolved,True,0,2026-01-15T00:00:00+00:00,5.0,0.9853,0.9853,0.9853,0.9853,267.69,0.0,0.0,1.0,0.663,MFcr,1.0,0.0,FCxr,0.0,ok
u007_003,True,1730.5,28.4,92.7,0.889,open,1000.0,unresolved,True,12,2026-01-15T12:00:00+00:00,5.0,0.9842,0.9841,0.9842,0.9843,267.8,0.0,0.0,1.0,0.662,MFcr,1.0,0.0,FCxr,0.0,ok
u007_003,True,1730.5,28.4,92.7,0.889,open,1000.0,unresolved,True,24,2026-01-16T00:00:00+00:00,5.0,1.0571,1.0466,1.0518,1.0567,277.14,0.0774,0.0698,1.0,0.735,MFcr,1.0,0.077,FC,0.0,ok
u007_003,True,1730.5,28.4,92.7,0.889,open,1000.0,unresolved,True,48,2026-01-17T00:00:00+00:00,5.0,1.1224,1.118,1.1345,1.1379,292.89,0.1521,0.1647,1.0,0.8,MFcr,1.0,0.152,FC,0.0,ok
u007_003,True,1730.5,28.4,92.7,0.889,open,1000.0,unresolved,True,72,2026-01-18T00:00:00+00:00,5.0,1.1113,1.1078,1.123,1.1264,292.93,0.1499,0.1624,1.0,0.789,MFcr,1.0,0.15,FC,0.0,ok
u007_004,False,1523.9,1.8,172.6,0.95,forest,1000.0,unresolved,True,0,2026-01-15T00:00:00+00:00,,,,,,,,,,,,,,,,unsupported: forest canopy: SNOWPACK canopy module not enabled/validated (CANOPY=FALSE)
u007_004,False,1523.9,1.8,172.6,0.95,forest,1000.0,unresolved,True,12,2026-01-15T12:00:00+00:00,,,,,,,,,,,,,,,,unsupported: forest canopy: SNOWPACK canopy module not enabled/validated (CANOPY=FALSE)
u007_004,False,1523.9,1.8,172.6,0.95,forest,1000.0,unresolved,True,24,2026-01-16T00:00:00+00:00,,,,,,,,,,,,,,,,unsupported: forest canopy: SNOWPACK canopy module not enabled/validated (CANOPY=FALSE)
u007_004,False,1523.9,1.8,172.6,0.95,forest,1000.0,unresolved,True,48,2026-01-17T00:00:00+00:00,,,,,,,,,,,,,,,,unsupported: forest canopy: SNOWPACK canopy module not enabled/validated (CANOPY=FALSE)
u007_004,False,1523.9,1.8,172.6,0.95,forest,1000.0,unresolved,True,72,2026-01-18T00:00:00+00:00,,,,,,,,,,,,,,,,unsupported: forest canopy: SNOWPACK canopy module not enabled/validated (CANOPY=FALSE)
u007_005,False,1611.4,14.9,223.3,0.957,forest,1000.0,unresolved,True,0,2026-01-15T00:00:00+00:00,,,,,,,,,,,,,,,,unsupported: forest canopy: SNOWPACK canopy module not enabled/validated (CANOPY=FALSE)
u007_005,False,1611.4,14.9,223.3,0.957,forest,1000.0,unresolved,True,12,2026-01-15T12:00:00+00:00,,,,,,,,,,,,,,,,unsupported: forest canopy: SNOWPACK canopy module not enabled/validated (CANOPY=FALSE)
u007_005,False,1611.4,14.9,223.3,0.957,forest,1000.0,unresolved,True,24,2026-01-16T00:00:00+00:00,,,,,,,,,,,,,,,,unsupported: forest canopy: SNOWPACK canopy module not enabled/validated (CANOPY=FALSE)
u007_005,False,1611.4,14.9,223.3,0.957,forest,1000.0,unresolved,True,48,2026-01-17T00:00:00+00:00,,,,,,,,,,,,,,,,unsupported: forest canopy: SNOWPACK canopy module not enabled/validated (CANOPY=FALSE)
u007_005,False,1611.4,14.9,223.3,0.957,forest,1000.0,unresolved,True,72,2026-01-18T00:00:00+00:00,,,,,,,,,,,,,,,,unsupported: forest canopy: SNOWPACK canopy module not enabled/validated (CANOPY=FALSE)
u007_006,True,1717.0,21.2,166.0,0.964,open,1000.0,unresolved,True,0,2026-01-15T00:00:00+00:00,5.0,0.9511,0.9511,0.9511,0.9511,262.73,0.0,0.0,1.0,0.678,MFcr,1.0,0.0,FCxr,0.0,ok
u007_006,True,1717.0,21.2,166.0,0.964,open,1000.0,unresolved,True,12,2026-01-15T12:00:00+00:00,5.0,0.95,0.9498,0.95,0.95,262.8,0.0,0.0,1.0,0.677,MFcr,1.0,0.0,FCxr,0.0,ok
u007_006,True,1717.0,21.2,166.0,0.964,open,1000.0,unresolved,True,24,2026-01-16T00:00:00+00:00,5.0,1.0233,1.0127,1.0177,1.0229,272.16,0.0758,0.0698,1.0,0.75,MFcr,1.0,0.076,FC,0.0,ok
u007_006,True,1717.0,21.2,166.0,0.964,open,1000.0,unresolved,True,48,2026-01-17T00:00:00+00:00,5.0,1.0889,1.0845,1.0965,1.1011,287.89,0.1507,0.1588,1.0,0.816,MFcr,1.0,0.151,FC,0.0,ok
u007_006,True,1717.0,21.2,166.0,0.964,open,1000.0,unresolved,True,72,2026-01-18T00:00:00+00:00,5.0,1.077,1.0738,1.0847,1.0889,287.94,0.1479,0.1565,1.0,0.804,MFcr,1.0,0.148,FC,0.0,ok
