run_utc,lead_h,point,pres_pa,pres_pa_desc,model_elev_m,model_elev_m_desc,tmp2m_k,tmp2m_k_desc,rh2m_pct,rh2m_pct_desc,u10_ms,u10_ms_desc,v10_ms,v10_ms_desc,apcp_kgm2,apcp_kgm2_desc,csnow,csnow_desc,dswrf_wm2,dswrf_wm2_desc,dlwrf_wm2,dlwrf_wm2_desc
2022-03-30T00:00:00+00:00,0,simpson_lower,80669.43484742565,anl,1881.8590177589072,anl,273.401712864855,anl,85.30624611768005,anl,1.4362265850715015,anl,0.7060501980024906,anl,,,,,,,,
2022-03-30T00:00:00+00:00,0,simpson_upper,80667.34726939547,anl,1882.0056937835966,anl,273.342291898791,anl,85.6757677066561,anl,1.442553580420301,anl,0.6959491008105076,anl,,,,,,,,
2022-03-30T00:00:00+00:00,0,bow_summit,76532.67042477985,anl,2295.135431332288,anl,271.061110235591,anl,89.50874013657601,anl,1.6341062674890994,anl,1.8699868419272967,anl,,,,,,,,
2022-03-30T00:00:00+00:00,0,bow_summit_plot,76534.32577284,anl,2294.9694288879996,anl,271.06081965037504,anl,89.511251776,anl,1.6339478012874984,anl,1.8698604263624952,anl,,,,,,,,
2022-03-30T00:00:00+00:00,0,sunshine_village_ab_env,78882.09662631122,anl,2056.5879388276353,anl,273.165300814807,anl,86.185249064912,anl,1.4349442505243006,anl,0.9313264288632994,anl,,,,,,,,
2022-03-30T00:00:00+00:00,0,sunshine_village_ab_env_plot,78772.97650180006,anl,2066.996739479995,anl,273.186832034375,anl,86.12586880000009,anl,1.4495759996874966,anl,0.934263021562492,anl,,,,,,,,
2022-03-30T00:00:00+00:00,3,simpson_lower,80700.29823896581,3 hour fcst,1881.8590177589072,3 hour fcst,266.69006928422,3 hour fcst,98.34605393704004,3 hour fcst,-0.6990180085897801,3 hour fcst,-0.19584546619729254,3 hour fcst,0.0,0-3 hour acc fcst,0.0,0-3 hour ave fcst,83.55922566696016,0-3 hour ave fcst,226.30472780215314,0-3 hour ave fcst
2022-03-30T00:00:00+00:00,3,simpson_upper,80697.72068325293,3 hour fcst,1882.0056937835966,3 hour fcst,266.607698323324,3 hour fcst,98.43444609276801,3 hour fcst,-0.7283670588569235,3 hour fcst,-0.23228174140841082,3 hour fcst,0.0,0-3 hour acc fcst,0.0,0-3 hour ave fcst,83.80493002403186,0-3 hour ave fcst,226.11605969879304,0-3 hour ave fcst
2022-03-30T00:00:00+00:00,3,bow_summit,76535.46905501877,3 hour fcst,2295.135431332288,3 hour fcst,264.99648936678005,3 hour fcst,98.99705333657599,3 hour fcst,0.8525659069510538,3 hour fcst,2.496982052258739,3 hour fcst,0.0,0-3 hour acc fcst,0.0,0-3 hour ave fcst,77.25601656166398,0-3 hour ave fcst,226.9806308904732,0-3 hour ave fcst
2022-03-30T00:00:00+00:00,3,bow_summit_plot,76537.12842915201,3 hour fcst,2294.9694288879996,3 hour fcst,264.99575371750007,3 hour fcst,98.99809177599998,3 hour fcst,0.8514488837062512,3 hour fcst,2.496798989218735,3 hour fcst,0.0,0-3 hour acc fcst,0.0,0-3 hour ave fcst,77.25745846399997,0-3 hour ave fcst,226.9828976469532,0-3 hour ave fcst
2022-03-30T00:00:00+00:00,3,sunshine_village_ab_env,78913.93762926156,3 hour fcst,2056.5879388276353,3 hour fcst,266.21791109526,3 hour fcst,97.76732038043198,3 hour fcst,0.8685603791894638,3 hour fcst,1.0273362054395492,3 hour fcst,0.0,0-3 hour acc fcst,0.0,0-3 hour ave fcst,77.63246888572155,0-3 hour ave fcst,226.21726122196117,0-3 hour ave fcst
2022-03-30T00:00:00+00:00,3,sunshine_village_ab_env_plot,78804.77790320005,3 hour fcst,2066.996739479995,3 hour fcst,266.2260324375,3 hour fcst,97.6835168,3 hour fcst,1.0467635589062338,3 hour fcst,1.0867238692186971,3 hour fcst,0.0,0-3 hour acc fcst,0.0,0-3 hour ave fcst,76.74305984000026,0-3 hour ave fcst,226.53264932695313,0-3 hour ave fcst
2022-03-30T00:00:00+00:00,6,simpson_lower,80604.81133696581,6 hour fcst,1881.8590177589072,6 hour fcst,266.9550546559676,6 hour fcst,98.11000950455998,6 hour fcst,-0.7727331686822889,6 hour fcst,-0.17734278604654133,6 hour fcst,0.0,0-6 hour acc fcst,0.0,0-6 hour ave fcst,41.78032596627209,0-6 hour ave fcst,235.49291147515027,0-6 hour ave fcst
2022-03-30T00:00:00+00:00,6,simpson_upper,80602.38743245293,6 hour fcst,1882.0056937835966,6 hour fcst,266.9119630404635,6 hour fcst,98.16520084995206,6 hour fcst,-0.8122194116454166,6 hour fcst,-0.22160688251526522,6 hour fcst,0.0,0-6 hour acc fcst,0.0,0-6 hour ave fcst,41.90288345930234,0-6 hour ave fcst,235.53344539762978,0-6 hour ave fcst
2022-03-30T00:00:00+00:00,6,bow_summit,76434.25186821877,6 hour fcst,2295.135431332288,6 hour fcst,265.23398523396753,6 hour fcst,95.58346166220804,6 hour fcst,0.532996199260156,6 hour fcst,2.5022274927518855,6 hour fcst,0.0,0-6 hour acc fcst,0.0,0-6 hour ave fcst,38.62240470085631,0-6 hour ave fcst,237.11080962492602,0-6 hour ave fcst
2022-03-30T00:00:00+00:00,6,bow_summit_plot,76435.90155915199,6 hour fcst,2294.9694288879996,6 hour fcst,265.2341075846875,6 hour fcst,95.58244380800004,6 hour fcst,0.5311563174937513,6 hour fcst,2.5022636553374804,6 hour fcst,0.0,0-6 hour acc fcst,0.0,0-6 hour ave fcst,38.623131320319985,0-6 hour ave fcst,237.11525309475005,0-6 hour ave fcst
2022-03-30T00:00:00+00:00,6,sunshine_village_ab_env,78819.04891296089,6 hour fcst,2056.5879388276353,6 hour fcst,265.3620937233115,6 hour fcst,98.784468321728,6 hour fcst,1.0950910933337656,6 hour fcst,0.8476084809774967,6 hour fcst,0.0,0-6 hour acc fcst,0.0,0-6 hour ave fcst,38.8246348967987,0-6 hour ave fcst,227.999751579886,0-6 hour ave fcst
2022-03-30T00:00:00+00:00,6,sunshine_village_ab_env_plot,78710.48574040006,6 hour fcst,2066.996739479995,6 hour fcst,265.27409990468755,6 hour fcst,98.93814719999992,6 hour fcst,1.310716871093721,6 hour fcst,0.8890189609374415,6 hour fcst,0.0,0-6 hour acc fcst,0.0,0-6 hour ave fcst,38.38065612800013,0-6 hour ave fcst,227.53737811875027,0-6 hour ave fcst
2022-03-30T00:00:00+00:00,9,simpson_lower,80483.47175935269,9 hour fcst,1881.8590177589072,9 hour fcst,265.9664421695425,9 hour fcst,98.50913278376001,9 hour fcst,-0.7499604865114143,9 hour fcst,-0.30454080510404535,9 hour fcst,0.0,0-9 hour acc fcst,0.0,6-9 hour ave fcst,0.0,6-9 hour ave fcst,235.56835169722484,6-9 hour ave fcst
2022-03-30T00:00:00+00:00,9,simpson_upper,80480.92153579622,9 hour fcst,1882.0056937835966,9 hour fcst,265.8620388034785,9 hour fcst,98.57150277859203,9 hour fcst,-0.7902761289577412,9 hour fcst,-0.3625245441567655,9 hour fcst,0.0,0-9 hour acc fcst,0.0,6-9 hour ave fcst,0.0,6-9 hour ave fcst,235.015086316345,6-9 hour ave fcst
2022-03-30T00:00:00+00:00,9,bow_summit,76314.93705681877,9 hour fcst,2295.135431332288,9 hour fcst,263.6983554085665,9 hour fcst,89.97571659392007,9 hour fcst,0.2907175250550303,9 hour fcst,2.6609588346207826,9 hour fcst,0.0,0-9 hour acc fcst,0.0,6-9 hour ave fcst,0.0,6-9 hour ave fcst,227.2015368925691,6-9 hour ave fcst
2022-03-30T00:00:00+00:00,9,bow_summit_plot,76316.583074152,9 hour fcst,2294.9694288879996,9 hour fcst,263.7004228430625,9 hour fcst,89.97627792000006,9 hour fcst,0.2888207260406253,9 hour fcst,2.661141530799977,9 hour fcst,0.0,0-9 hour acc fcst,0.0,6-9 hour ave fcst,0.0,6-9 hour ave fcst,227.20622800962516,6-9 hour ave fcst
2022-03-30T00:00:00+00:00,9,sunshine_village_ab_env,78700.37275673606,9 hour fcst,2056.5879388276353,9 hour fcst,265.1561465390625,9 hour fcst,98.663815651552,9 hour fcst,1.1677717738806412,9 hour fcst,0.6562949887983942,9 hour fcst,0.0,0-9 hour acc fcst,0.0,6-9 hour ave fcst,0.0,6-9 hour ave fcst,234.5867297448409,6-9 hour ave fcst
2022-03-30T00:00:00+00:00,9,sunshine_village_ab_env_plot,78592.10093860005,9 hour fcst,2066.996739479995,9 hour fcst,265.0705525390625,9 hour fcst,98.65780479999998,9 hour fcst,1.3906844316405969,9 hour fcst,0.6844569099999311,9 hour fcst,0.0,0-9 hour acc fcst,0.0,6-9 hour ave fcst,0.0,6-9 hour ave fcst,234.28693066562454,6-9 hour ave fcst
2022-03-30T00:00:00+00:00,12,simpson_lower,80348.54235089285,12 hour fcst,1881.8590177589072,12 hour fcst,268.347716222285,12 hour fcst,98.25775043247998,12 hour fcst,-0.23770361832715492,12 hour fcst,0.38471027763747595,12 hour fcst,0.0,0-12 hour acc fcst,0.0,6-12 hour ave fcst,0.0,6-12 hour ave fcst,243.30919114730753,6-12 hour ave fcst
2022-03-30T00:00:00+00:00,12,simpson_upper,80345.86606645369,12 hour fcst,1882.0056937835966,12 hour fcst,268.37428529239696,12 hour fcst,98.29624804281605,12 hour fcst,-0.2590536670438957,12 hour fcst,0.36474300707752266,12 hour fcst,0.0,0-12 hour acc fcst,0.0,6-12 hour ave fcst,0.0,6-12 hour ave fcst,243.30257908529146,6-12 hour ave fcst
2022-03-30T00:00:00+00:00,12,bow_summit,76176.72301394561,12 hour fcst,2295.135431332288,12 hour fcst,263.802528080557,12 hour fcst,93.59451927680003,12 hour fcst,0.5045117847832808,12 hour fcst,2.964506501234285,12 hour fcst,0.0,0-12 hour acc fcst,0.0,6-12 hour ave fcst,0.0,6-12 hour ave fcst,226.28364949719563,6-12 hour ave fcst
2022-03-30T00:00:00+00:00,12,bow_summit_plot,76178.3726056,12 hour fcst,2294.9694288879996,12 hour fcst,263.804828910125,12 hour fcst,93.59969680000003,12 hour fcst,0.5027796706968765,12 hour fcst,2.9650155552374824,12 hour fcst,0.0,0-12 hour acc fcst,0.0,6-12 hour ave fcst,0.0,6-12 hour ave fcst,226.28964235018768,6-12 hour ave fcst
2022-03-30T00:00:00+00:00,12,sunshine_village_ab_env,78560.83578931123,12 hour fcst,2056.5879388276353,12 hour fcst,266.306337761661,12 hour fcst,99.70656083913602,12 hour fcst,1.2714303464424876,12 hour fcst,0.7517441906502922,12 hour fcst,0.0,0-12 hour acc fcst,0.0,6-12 hour ave fcst,0.0,6-12 hour ave fcst,238.2574545102034,6-12 hour ave fcst
2022-03-30T00:00:00+00:00,12,sunshine_village_ab_env_plot,78451.88881680006,12 hour fcst,2066.996739479995,12 hour fcst,266.074746478125,12 hour fcst,99.81664639999997,12 hour fcst,1.446507344296852,12 hour fcst,0.712974118437461,12 hour fcst,0.0,0-12 hour acc fcst,0.0,6-12 hour ave fcst,0.0,6-12 hour ave fcst,237.48602414218738,6-12 hour ave fcst
2022-03-30T00:00:00+00:00,15,simpson_lower,80258.95946589287,15 hour fcst,1881.8590177589072,15 hour fcst,270.32977940625005,15 hour fcst,95.66712645071998,15 hour fcst,0.8004798028529778,15 hour fcst,1.7407652058400014,15 hour fcst,0.0,0-15 hour acc fcst,0.0,12-15 hour ave fcst,22.945495518799962,12-15 hour ave fcst,281.2608934432951,12-15 hour ave fcst
2022-03-30T00:00:00+00:00,15,simpson_upper,80256.2225478537,15 hour fcst,1882.0056937835966,15 hour fcst,270.33054020625,15 hour fcst,95.73258384262408,15 hour fcst,0.7952318060226257,15 hour fcst,1.7453086957280004,15 hour fcst,0.0,0-15 hour acc fcst,0.0,12-15 hour ave fcst,22.69448421295995,12-15 hour ave fcst,282.2195002374393,12-15 hour ave fcst
2022-03-30T00:00:00+00:00,15,bow_summit,76079.0581300382,15 hour fcst,2295.135431332288,15 hour fcst,266.25029886967405,15 hour fcst,90.61965414630401,15 hour fcst,1.2125256958050026,15 hour fcst,2.77972153780159,15 hour fcst,0.010156750000000159,0-15 hour acc fcst,0.0,12-15 hour ave fcst,33.10682429122557,12-15 hour ave fcst,221.45923132537527,12-15 hour ave fcst
2022-03-30T00:00:00+00:00,15,bow_summit_plot,76080.724374808,15 hour fcst,2294.9694288879996,15 hour fcst,266.25072963025,15 hour fcst,90.62604710400002,15 hour fcst,1.2116060081250002,15 hour fcst,2.7801048715999883,15 hour fcst,0.010175000000000267,0-15 hour acc fcst,0.0,12-15 hour ave fcst,33.10361634559995,12-15 hour ave fcst,221.46708810937537,12-15 hour ave fcst
2022-03-30T00:00:00+00:00,15,sunshine_village_ab_env,78462.4225866864,15 hour fcst,2056.5879388276353,15 hour fcst,269.213069838234,15 hour fcst,97.10265925870401,15 hour fcst,1.860136946262608,15 hour fcst,1.2936664753439906,15 hour fcst,0.0,0-15 hour acc fcst,0.0,12-15 hour ave fcst,23.05336415112,12-15 hour ave fcst,283.68037920815897,12-15 hour ave fcst
2022-03-30T00:00:00+00:00,15,sunshine_village_ab_env_plot,78352.18025500006,15 hour fcst,2066.996739479995,15 hour fcst,269.10338300625006,15 hour fcst,97.16792959999998,15 hour fcst,1.9866865681249752,15 hour fcst,1.202682349999989,15 hour fcst,0.0,0-15 hour acc fcst,0.0,12-15 hour ave fcst,23.13452799999996,12-15 hour ave fcst,283.351253709375,12-15 hour ave fcst
2022-03-30T00:00:00+00:00,18,simpson_lower,80143.6777291191,18 hour fcst,1881.8590177589072,18 hour fcst,272.61062889462005,18 hour fcst,90.82591018063994,18 hour fcst,0.7542898253889786,18 hour fcst,1.995755989889755,18 hour fcst,0.058767500000000084,0-18 hour acc fcst,0.0,12-18 hour ave fcst,123.25633576285426,12-18 hour ave fcst,288.191759922957,12-18 hour ave fcst
2022-03-30T00:00:00+00:00,18,simpson_upper,80141.02356756713,18 hour fcst,1882.0056937835966,18 hour fcst,272.56952660900396,18 hour fcst,91.06230121388816,18 hour fcst,0.741815418153822,18 hour fcst,1.9912640543169422,18 hour fcst,0.06003100000000039,0-18 hour acc fcst,0.0,12-18 hour ave fcst,121.45952570817994,12-18 hour ave fcst,289.1876908514692,12-18 hour ave fcst
2022-03-30T00:00:00+00:00,18,bow_summit,75975.533783453,18 hour fcst,2295.135431332288,18 hour fcst,270.12914241921203,18 hour fcst,94.01198408409599,18 hour fcst,1.4619534634849987,18 hour fcst,2.5381602964001466,18 hour fcst,0.010156750000000159,0-18 hour acc fcst,0.0,12-18 hour ave fcst,206.2344516021245,12-18 hour ave fcst,224.43996979738913,12-18 hour ave fcst
2022-03-30T00:00:00+00:00,18,bow_summit_plot,75977.174536392,18 hour fcst,2294.9694288879996,18 hour fcst,270.12870879950003,18 hour fcst,94.02060329599998,18 hour fcst,1.461614688124997,18 hour fcst,2.5381962699937453,18 hour fcst,0.010175000000000267,0-18 hour acc fcst,0.0,12-18 hour ave fcst,206.22895188479959,12-18 hour ave fcst,224.44954995879723,12-18 hour ave fcst
2022-03-30T00:00:00+00:00,18,sunshine_village_ab_env,78363.14386376223,18 hour fcst,2056.5879388276353,18 hour fcst,271.68704447413995,18 hour fcst,94.055354801888,18 hour fcst,1.6632359146162061,18 hour fcst,1.4898202372913425,18 hour fcst,0.0625,0-18 hour acc fcst,0.0,12-18 hour ave fcst,119.22415151371519,12-18 hour ave fcst,291.07349934196486,12-18 hour ave fcst
2022-03-30T00:00:00+00:00,18,sunshine_village_ab_env_plot,78254.15470100005,18 hour fcst,2066.996739479995,18 hour fcst,271.6483306875,18 hour fcst,94.11541119999997,18 hour fcst,1.7762022081249726,18 hour fcst,1.4028504235937502,18 hour fcst,0.0625,0-18 hour acc fcst,0.0,12-18 hour ave fcst,119.11761407999995,12-18 hour ave fcst,290.9229841667969,12-18 hour ave fcst
2022-03-30T00:00:00+00:00,21,simpson_lower,79971.37137203141,21 hour fcst,1881.8590177589072,21 hour fcst,274.85760534392756,21 hour fcst,88.86458343336,21 hour fcst,1.3057889051362426,21 hour fcst,1.7563334290902484,21 hour fcst,0.0625,0-21 hour acc fcst,0.0,18-21 hour ave fcst,554.0190007613111,18-21 hour ave fcst,270.87557992215034,18-21 hour ave fcst
2022-03-30T00:00:00+00:00,21,simpson_upper,79969.04120673647,21 hour fcst,1882.0056937835966,21 hour fcst,274.8105239726955,21 hour fcst,89.26158483491217,21 hour fcst,1.3334234754722698,21 hour fcst,1.7283055267990413,21 hour fcst,0.0625,0-21 hour acc fcst,0.0,18-21 hour ave fcst,551.1616608056704,18-21 hour ave fcst,271.55534458502996,18-21 hour ave fcst
2022-03-30T00:00:00+00:00,21,bow_summit,75868.06478043353,21 hour fcst,2295.135431332288,21 hour fcst,270.66757119554353,21 hour fcst,99.425944134144,21 hour fcst,1.8148290207010485,21 hour fcst,1.9315474841494475,21 hour fcst,0.020313500000000317,0-21 hour acc fcst,0.0,18-21 hour ave fcst,638.3250048988153,18-21 hour ave fcst,233.1169743401022,18-21 hour ave fcst
2022-03-30T00:00:00+00:00,21,bow_summit_plot,75869.710150736,21 hour fcst,2294.9694288879996,21 hour fcst,270.6672999856875,21 hour fcst,99.42572294399999,21 hour fcst,1.8147614774562477,21 hour fcst,1.9314458871062468,21 hour fcst,0.020350000000000534,0-21 hour acc fcst,0.0,18-21 hour ave fcst,638.273470015999,18-21 hour ave fcst,233.13612409575026,18-21 hour ave fcst
2022-03-30T00:00:00+00:00,21,sunshine_village_ab_env,78209.40856781324,21 hour fcst,2056.5879388276353,21 hour fcst,273.5578958452075,21 hour fcst,91.398827344128,21 hour fcst,1.8029277693634533,21 hour fcst,1.463059130491845,21 hour fcst,0.0625,0-21 hour acc fcst,0.0,18-21 hour ave fcst,538.0136094636633,18-21 hour ave fcst,271.97216727789413,18-21 hour ave fcst
2022-03-30T00:00:00+00:00,21,sunshine_village_ab_env_plot,78101.89152520006,21 hour fcst,2066.996739479995,21 hour fcst,273.4907109296875,21 hour fcst,91.28390720000004,21 hour fcst,1.8638657526562374,21 hour fcst,1.4144184439062442,21 hour fcst,0.0625,0-21 hour acc fcst,0.0,18-21 hour ave fcst,534.8002175999972,18-21 hour ave fcst,272.2789429437508,18-21 hour ave fcst
2022-03-30T00:00:00+00:00,24,simpson_lower,79817.84331427973,24 hour fcst,1881.8590177589072,24 hour fcst,273.42466904083005,24 hour fcst,99.64426315328006,24 hour fcst,1.7895274373095185,24 hour fcst,-0.8724602074347627,24 hour fcst,1.013154239850007,18-24 hour acc fcst,1.0,18-24 hour ave fcst,393.37033130178503,18-24 hour ave fcst,288.2865355775203,18-24 hour ave fcst
2022-03-30T00:00:00+00:00,24,simpson_upper,79815.287225997,24 hour fcst,1882.0056937835966,24 hour fcst,273.420390775886,24 hour fcst,99.70743491417598,24 hour fcst,1.800168430659882,24 hour fcst,-0.890076608605942,24 hour fcst,1.0109154866199905,18-24 hour acc fcst,1.0,18-24 hour ave fcst,392.452435926508,18-24 hour ave fcst,288.61309804918386,18-24 hour ave fcst
2022-03-30T00:00:00+00:00,24,bow_summit,75833.2260875067,24 hour fcst,2295.135431332288,24 hour fcst,270.44626096753404,24 hour fcst,93.01792166707197,24 hour fcst,1.8354598058791,24 hour fcst,1.0443024601684479,24 hour fcst,0.27320391615999867,18-24 hour acc fcst,0.9161599999999908,18-24 hour ave fcst,484.2035327575654,18-24 hour ave fcst,256.597786199808,18-24 hour ave fcst
2022-03-30T00:00:00+00:00,24,bow_summit_plot,75834.87426428801,24 hour fcst,2294.9694288879996,24 hour fcst,270.44598355275,24 hour fcst,93.02638147199998,24 hour fcst,1.8354830350375,24 hour fcst,1.044213752981247,24 hour fcst,0.2735731599999996,18-24 hour acc fcst,0.9175999999999931,18-24 hour ave fcst,484.09211705343955,18-24 hour ave fcst,256.6314414080001,18-24 hour ave fcst
2022-03-30T00:00:00+00:00,24,sunshine_village_ab_env,78080.57639851392,24 hour fcst,2056.5879388276353,24 hour fcst,272.85939175539,24 hour fcst,93.9275329226719,24 hour fcst,1.384043070576702,24 hour fcst,-0.4995217122619472,24 hour fcst,0.5220013144399949,18-24 hour acc fcst,0.6865679999999941,18-24 hour ave fcst,398.8576237954122,18-24 hour ave fcst,284.41585036086406,18-24 hour ave fcst
2022-03-30T00:00:00+00:00,24,sunshine_village_ab_env_plot,77976.08538800006,24 hour fcst,2066.996739479995,24 hour fcst,272.85478396875,24 hour fcst,93.08337279999989,24 hour fcst,1.372728353437524,24 hour fcst,-0.4498537542187619,24 hour fcst,0.46730599999999917,18-24 hour acc fcst,0.6399999999999864,18-24 hour ave fcst,399.55226675199816,18-24 hour ave fcst,283.98511360000055,18-24 hour ave fcst
2022-03-30T00:00:00+00:00,27,simpson_lower,79930.58650350597,27 hour fcst,1881.8590177589072,27 hour fcst,271.29706996316503,27 hour fcst,99.71897008120003,27 hour fcst,1.1706798054122374,27 hour fcst,1.3410498847672547,27 hour fcst,5.181552590099943,0-27 hour acc fcst,1.0,24-27 hour ave fcst,23.12553069161576,24-27 hour ave fcst,307.7269293604001,24-27 hour ave fcst
2022-03-30T00:00:00+00:00,27,simpson_upper,79927.79392691041,27 hour fcst,1882.0056937835966,27 hour fcst,271.278693942493,27 hour fcst,99.75053610704,27 hour fcst,1.1607449223114616,27 hour fcst,1.3583990920024507,27 hour fcst,5.063585758920024,0-27 hour acc fcst,1.0,24-27 hour ave fcst,23.17085735166752,24-27 hour ave fcst,307.7065476356799,24-27 hour ave fcst
2022-03-30T00:00:00+00:00,27,bow_summit,75848.44464130202,27 hour fcst,2295.135431332288,27 hour fcst,267.872454291549,27 hour fcst,97.83280960243201,27 hour fcst,1.4556746675978511,27 hour fcst,0.6842850301976457,27 hour fcst,1.0778399999999948,0-27 hour acc fcst,1.0,24-27 hour ave fcst,54.60118081479684,24-27 hour ave fcst,281.2662630536959,24-27 hour ave fcst
2022-03-30T00:00:00+00:00,27,bow_summit_plot,75850.08966521602,27 hour fcst,2294.9694288879996,27 hour fcst,267.874327052125,27 hour fcst,97.83256883200002,27 hour fcst,1.4556992967562516,27 hour fcst,0.6846780284312459,27 hour fcst,1.078649999999996,0-27 hour acc fcst,1.0,24-27 hour ave fcst,54.594474156800025,24-27 hour ave fcst,281.2779928959999,24-27 hour ave fcst
2022-03-30T00:00:00+00:00,27,sunshine_village_ab_env,78139.777847925,27 hour fcst,2056.5879388276353,27 hour fcst,270.58772251166096,27 hour fcst,98.650509335088,27 hour fcst,1.5758590045082501,27 hour fcst,0.9982984632728449,27 hour fcst,4.923080843369972,0-27 hour acc fcst,1.0,24-27 hour ave fcst,38.09921362876812,24-27 hour ave fcst,298.45409075182386,24-27 hour ave fcst
2022-03-30T00:00:00+00:00,27,sunshine_village_ab_env_plot,78029.36826080005,27 hour fcst,2066.996739479995,27 hour fcst,270.543385228125,27 hour fcst,98.54933120000001,27 hour fcst,1.5866993351562408,27 hour fcst,0.9500904220312443,27 hour fcst,4.803787999999866,0-27 hour acc fcst,1.0,24-27 hour ave fcst,39.33006720000003,24-27 hour ave fcst,297.55677759999975,24-27 hour ave fcst
2022-03-30T00:00:00+00:00,30,simpson_lower,79905.61300174695,30 hour fcst,1881.8590177589072,30 hour fcst,270.73253861291005,30 hour fcst,98.89451028832,30 hour fcst,1.542575504058009,30 hour fcst,1.1632334320345017,30 hour fcst,5.667307680199941,0-30 hour acc fcst,1.0,24-30 hour ave fcst,11.560883382924679,24-30 hour ave fcst,305.12485896281015,24-30 hour ave fcst
2022-03-30T00:00:00+00:00,30,simpson_upper,79902.32274785524,30 hour fcst,1882.0056937835966,30 hour fcst,270.74192288302197,30 hour fcst,98.897857228544,30 hour fcst,1.5616449304835962,30 hour fcst,1.1786247265049035,30 hour fcst,5.553624017840027,0-30 hour acc fcst,1.0,24-30 hour ave fcst,11.58348544354832,24-30 hour ave fcst,305.20951448460187,24-30 hour ave fcst
2022-03-30T00:00:00+00:00,30,bow_summit,75810.22546855573,30 hour fcst,2295.135431332288,30 hour fcst,268.054918737038,30 hour fcst,97.30874466342401,30 hour fcst,1.2816399479427911,30 hour fcst,0.8367934041112883,30 hour fcst,3.332532035840003,0-30 hour acc fcst,1.0,24-30 hour ave fcst,27.30270580600834,24-30 hour ave fcst,283.9871454538179,24-30 hour ave fcst
2022-03-30T00:00:00+00:00,30,bow_summit_plot,75811.87303311202,30 hour fcst,2294.9694288879996,30 hour fcst,268.05535635675,30 hour fcst,97.30914822400001,30 hour fcst,1.2834264090499945,30 hour fcst,0.8382545353624901,30 hour fcst,3.3306663399999974,0-30 hour acc fcst,1.0,24-30 hour ave fcst,27.29934047232001,24-30 hour ave fcst,283.99495382424993,24-30 hour ave fcst
2022-03-30T00:00:00+00:00,30,sunshine_village_ab_env,78118.9120374243,30 hour fcst,2056.5879388276353,30 hour fcst,269.665265681166,30 hour fcst,98.39919872888,30 hour fcst,1.2749735226467984,30 hour fcst,0.9508477556312959,30 hour fcst,5.5558250933699735,0-30 hour acc fcst,1.0,24-30 hour ave fcst,19.053757749353018,24-30 hour ave fcst,295.06518834316194,24-30 hour ave fcst
2022-03-30T00:00:00+00:00,30,sunshine_village_ab_env_plot,78009.69086300005,30 hour fcst,2066.996739479995,30 hour fcst,269.59586886875,30 hour fcst,98.350592,30 hour fcst,1.2425684762500118,30 hour fcst,0.909368346562496,30 hour fcst,5.454937999999867,0-30 hour acc fcst,1.0,24-30 hour ave fcst,19.669858304000016,24-30 hour ave fcst,294.1187114562499,24-30 hour ave fcst
2022-03-30T00:00:00+00:00,33,simpson_lower,79909.8541004404,33 hour fcst,1881.8590177589072,33 hour fcst,269.5868524989751,33 hour fcst,98.27813764872002,33 hour fcst,1.560456493361,33 hour fcst,0.7747435152570016,33 hour fcst,6.856835579949921,0-33 hour acc fcst,1.0,30-33 hour ave fcst,0.0,30-33 hour ave fcst,298.81053113293393,30-33 hour ave fcst
2022-03-30T00:00:00+00:00,33,simpson_upper,79906.7534230269,33 hour fcst,1882.0056937835966,33 hour fcst,269.569594223695,33 hour fcst,98.287120464224,33 hour fcst,1.5704262605962045,33 hour fcst,0.785970519839402,33 hour fcst,6.736783995540051,0-33 hour acc fcst,1.0,30-33 hour ave fcst,0.0,30-33 hour ave fcst,298.92006899202164,30-33 hour ave fcst
2022-03-30T00:00:00+00:00,33,bow_summit,75826.70138758527,33 hour fcst,2295.135431332288,33 hour fcst,267.09682919838303,33 hour fcst,96.73169693414401,33 hour fcst,-0.2705703387574032,33 hour fcst,-1.1448087125317983,33 hour fcst,9.026629708079987,0-33 hour acc fcst,1.0,30-33 hour ave fcst,0.0,30-33 hour ave fcst,286.3196131515417,30-33 hour ave fcst
2022-03-30T00:00:00+00:00,33,bow_summit_plot,75828.27222128,33 hour fcst,2294.9694288879996,33 hour fcst,267.09901646737495,33 hour fcst,96.73252294400001,33 hour fcst,-0.2686934717749977,33 hour fcst,-1.1439587511749951,33 hour fcst,9.024186579999972,0-33 hour acc fcst,1.0,30-33 hour ave fcst,0.0,30-33 hour ave fcst,286.3259029190937,30-33 hour ave fcst
2022-03-30T00:00:00+00:00,33,sunshine_village_ab_env,78119.78846941056,33 hour fcst,2056.5879388276353,33 hour fcst,269.241104291359,33 hour fcst,97.84569147732799,33 hour fcst,0.988027536252186,33 hour fcst,0.18311866929538706,33 hour fcst,8.795322076670004,0-33 hour acc fcst,1.0,30-33 hour ave fcst,0.0,30-33 hour ave fcst,294.5690164300697,30-33 hour ave fcst
2022-03-30T00:00:00+00:00,33,sunshine_village_ab_env_plot,78011.18828400006,33 hour fcst,2066.996739479995,33 hour fcst,269.2445574593751,33 hour fcst,97.79830720000001,33 hour fcst,0.8383156706249892,33 hour fcst,0.03529772562499622,33 hour fcst,9.052607999999868,0-33 hour acc fcst,1.0,30-33 hour ave fcst,0.0,30-33 hour ave fcst,294.3218752710939,30-33 hour ave fcst
2022-03-30T00:00:00+00:00,36,simpson_lower,79989.72203028708,36 hour fcst,1881.8590177589072,36 hour fcst,268.8058844034575,36 hour fcst,97.83742979288003,36 hour fcst,1.3058232724827592,36 hour fcst,0.8146207115767692,36 hour fcst,9.295200348999867,0-36 hour acc fcst,1.0,30-36 hour ave fcst,0.0,30-36 hour ave fcst,295.134503264342,30-36 hour ave fcst
2022-03-30T00:00:00+00:00,36,simpson_upper,79986.71816991272,36 hour fcst,1882.0056937835966,36 hour fcst,268.7896219931215,36 hour fcst,97.859330478496,36 hour fcst,1.3219215934475446,36 hour fcst,0.8499156485623391,36 hour fcst,9.139740660800104,0-36 hour acc fcst,1.0,30-36 hour ave fcst,0.0,30-36 hour ave fcst,295.17872588208576,30-36 hour ave fcst
2022-03-30T00:00:00+00:00,36,bow_summit,75889.25971128725,36 hour fcst,2295.135431332288,36 hour fcst,265.9024508359375,36 hour fcst,96.70830573171202,36 hour fcst,0.029262506314746237,36 hour fcst,-0.9736311025032465,36 hour fcst,13.626288426799963,0-36 hour acc fcst,1.0,30-36 hour ave fcst,0.0,30-36 hour ave fcst,283.13953221530187,30-36 hour ave fcst
2022-03-30T00:00:00+00:00,36,bow_summit_plot,75890.87386863201,36 hour fcst,2294.9694288879996,36 hour fcst,265.90418683593754,36 hour fcst,96.70859411200001,36 hour fcst,0.030925870218750914,36 hour fcst,-0.9732208290312442,36 hour fcst,13.627011799999954,0-36 hour acc fcst,1.0,30-36 hour ave fcst,0.0,30-36 hour ave fcst,283.1480996124219,30-36 hour ave fcst
2022-03-30T00:00:00+00:00,36,sunshine_village_ab_env,78208.74850672096,36 hour fcst,2056.5879388276353,36 hour fcst,267.9757222101615,36 hour fcst,97.400407322672,36 hour fcst,0.5851530071067403,36 hour fcst,-0.2598751390824615,36 hour fcst,13.496195303390017,0-36 hour acc fcst,1.0,30-36 hour ave fcst,0.0,30-36 hour ave fcst,291.82880922837387,30-36 hour ave fcst
2022-03-30T00:00:00+00:00,36,sunshine_village_ab_env_plot,78103.20691900005,36 hour fcst,2066.996739479995,36 hour fcst,267.87024443593754,36 hour fcst,97.32081280000001,36 hour fcst,0.4823557742187461,36 hour fcst,-0.40050983703124243,36 hour fcst,13.93213599999983,0-36 hour acc fcst,1.0,30-36 hour ave fcst,0.0,30-36 hour ave fcst,291.514245532422,30-36 hour ave fcst
2022-03-30T00:00:00+00:00,39,simpson_lower,80065.0663065207,39 hour fcst,1881.8590177589072,39 hour fcst,269.05547326887756,39 hour fcst,96.58935723448002,39 hour fcst,1.394416397369759,39 hour fcst,1.119384019976021,39 hour fcst,12.084817488599834,0-39 hour acc fcst,1.0,36-39 hour ave fcst,18.274018329744038,36-39 hour ave fcst,289.4422558335245,36-39 hour ave fcst
2022-03-30T00:00:00+00:00,39,simpson_upper,80062.10976974182,39 hour fcst,1882.0056937835966,39 hour fcst,269.03818512348545,39 hour fcst,96.65982862121602,39 hour fcst,1.402803032132942,39 hour fcst,1.1613824405791893,39 hour fcst,11.928013625120146,0-39 hour acc fcst,1.0,36-39 hour ave fcst,18.29851137284477,36-39 hour ave fcst,289.4770815892523,36-39 hour ave fcst
2022-03-30T00:00:00+00:00,39,bow_summit,75942.44611155103,39 hour fcst,2295.135431332288,39 hour fcst,266.4887930465895,39 hour fcst,95.114948998784,39 hour fcst,1.499323460417735,39 hour fcst,0.3397932408511973,39 hour fcst,16.24144456015995,0-39 hour acc fcst,1.0,36-39 hour ave fcst,21.490776081817643,36-39 hour ave fcst,275.87272464746036,36-39 hour ave fcst
2022-03-30T00:00:00+00:00,39,bow_summit_plot,75944.08778403999,39 hour fcst,2294.9694288879996,39 hour fcst,266.4905063254375,39 hour fcst,95.11697558399999,39 hour fcst,1.5022271825937406,39 hour fcst,0.340244591199998,39 hour fcst,16.243404659999943,0-39 hour acc fcst,1.0,36-39 hour ave fcst,21.488129337600043,36-39 hour ave fcst,275.8829400724843,36-39 hour ave fcst
2022-03-30T00:00:00+00:00,39,sunshine_village_ab_env,78273.90839625888,39 hour fcst,2056.5879388276353,39 hour fcst,268.3471649796455,39 hour fcst,96.16983919999998,39 hour fcst,0.6203396967313393,39 hour fcst,0.019176994561589222,39 hour fcst,17.132335505650012,0-39 hour acc fcst,1.0,36-39 hour ave fcst,18.166337490796813,36-39 hour ave fcst,285.74239883872434,36-39 hour ave fcst
2022-03-30T00:00:00+00:00,39,sunshine_village_ab_env_plot,78166.71617700005,39 hour fcst,2066.996739479995,39 hour fcst,268.29774197343755,39 hour fcst,96.08464000000001,39 hour fcst,0.5016287985937473,39 hour fcst,-0.1060006599999952,39 hour fcst,17.576259999999778,0-39 hour acc fcst,1.0,36-39 hour ave fcst,18.277832320000066,36-39 hour ave fcst,285.19992989648443,36-39 hour ave fcst
2022-03-30T00:00:00+00:00,42,simpson_lower,80122.93345736006,42 hour fcst,1881.8590177589072,42 hour fcst,270.7681243243075,42 hour fcst,83.20696706383997,42 hour fcst,2.160325046726497,42 hour fcst,1.3687942158010071,42 hour fcst,13.771106148499815,0-42 hour acc fcst,1.0,36-42 hour ave fcst,149.65489926995258,36-42 hour ave fcst,283.1732861930769,36-42 hour ave fcst
2022-03-30T00:00:00+00:00,42,simpson_upper,80120.42868411195,42 hour fcst,1882.0056937835966,42 hour fcst,270.7548196386915,42 hour fcst,83.28704589932808,42 hour fcst,2.1548533147713016,42 hour fcst,1.4244745740442122,42 hour fcst,13.609226616200168,0-42 hour acc fcst,1.0,36-42 hour ave fcst,150.38321884515796,36-42 hour ave fcst,282.99650337757294,36-42 hour ave fcst
2022-03-30T00:00:00+00:00,42,bow_summit,75989.10066523355,42 hour fcst,2295.135431332288,42 hour fcst,267.40252351840354,42 hour fcst,78.268100385408,42 hour fcst,2.709273498566497,42 hour fcst,0.9858301504985983,42 hour fcst,16.994502102079952,0-42 hour acc fcst,1.0,36-42 hour ave fcst,180.44085431347196,36-42 hour ave fcst,264.47060988314087,36-42 hour ave fcst
2022-03-30T00:00:00+00:00,42,bow_summit_plot,75990.822630736,42 hour fcst,2294.9694288879996,42 hour fcst,267.4020345331875,42 hour fcst,78.26926700799999,42 hour fcst,2.7095950930624975,42 hour fcst,0.9857396092249975,42 hour fcst,16.995943079999943,0-42 hour acc fcst,1.0,36-42 hour ave fcst,180.464172672,36-42 hour ave fcst,264.4633179857968,36-42 hour ave fcst
2022-03-30T00:00:00+00:00,42,sunshine_village_ab_env,78300.00260082164,42 hour fcst,2056.5879388276353,42 hour fcst,269.9409520780515,42 hour fcst,87.70133679811207,42 hour fcst,1.80942651335369,42 hour fcst,1.2083957059353971,42 hour fcst,19.43112396567001,0-42 hour acc fcst,1.0,36-42 hour ave fcst,132.19358392970236,36-42 hour ave fcst,284.67324361790884,36-42 hour ave fcst
2022-03-30T00:00:00+00:00,42,sunshine_village_ab_env_plot,78188.03916680007,42 hour fcst,2066.996739479995,42 hour fcst,269.90524371718755,42 hour fcst,88.53970880000003,42 hour fcst,1.7032636690624927,42 hour fcst,1.1673029756250057,42 hour fcst,19.903607999999757,0-42 hour acc fcst,1.0,36-42 hour ave fcst,131.16462336000046,36-42 hour ave fcst,284.66179664179685,36-42 hour ave fcst
2022-03-30T00:00:00+00:00,45,simpson_lower,80198.9198588199,45 hour fcst,1881.8590177589072,45 hour fcst,271.65896593545006,45 hour fcst,73.17857418064001,45 hour fcst,2.1665728123199943,45 hour fcst,0.8994873099399944,45 hour fcst,14.05486855839981,0-45 hour acc fcst,1.0,42-45 hour ave fcst,685.5860221326251,42-45 hour ave fcst,221.82579167519984,42-45 hour ave fcst
2022-03-30T00:00:00+00:00,45,simpson_upper,80196.81606485447,45 hour fcst,1882.0056937835966,45 hour fcst,271.63961258488996,45 hour fcst,73.31743321388805,45 hour fcst,2.144659824343999,45 hour fcst,0.9471924609480251,45 hour fcst,13.880492357280172,0-45 hour acc fcst,1.0,42-45 hour ave fcst,688.0302698633407,42-45 hour ave fcst,220.99751557183995,42-45 hour ave fcst
2022-03-30T00:00:00+00:00,45,bow_summit,76077.57664723354,45 hour fcst,2295.135431332288,45 hour fcst,267.762070124538,45 hour fcst,75.61871887193595,45 hour fcst,2.579474097928001,45 hour fcst,1.0358371478599993,45 hour fcst,17.370807642479953,0-45 hour acc fcst,1.0,42-45 hour ave fcst,673.864183482368,42-45 hour ave fcst,225.74046867942403,42-45 hour ave fcst
2022-03-30T00:00:00+00:00,45,bow_summit_plot,76079.275540736,45 hour fcst,2294.9694288879996,45 hour fcst,267.76233854425004,45 hour fcst,75.62595913599996,45 hour fcst,2.579330653,45 hour fcst,1.0356291724999982,45 hour fcst,17.372025979999943,0-45 hour acc fcst,1.0,42-45 hour ave fcst,673.8919599679999,42-45 hour ave fcst,225.731744224,42-45 hour ave fcst
2022-03-30T00:00:00+00:00,45,sunshine_village_ab_env,78385.45757338572,45 hour fcst,2056.5879388276353,45 hour fcst,270.703008023322,45 hour fcst,73.062660206208,45 hour fcst,2.2699146741632,45 hour fcst,1.2351106532151999,45 hour fcst,20.23456197343002,0-45 hour acc fcst,1.0,42-45 hour ave fcst,603.6644229748498,42-45 hour ave fcst,241.23308157476836,42-45 hour ave fcst
2022-03-30T00:00:00+00:00,45,sunshine_village_ab_env_plot,78273.30894720006,45 hour fcst,2066.996739479995,45 hour fcst,270.68910545625005,45 hour fcst,73.0224192,45 hour fcst,2.272571804999994,45 hour fcst,1.2472822924999893,45 hour fcst,20.824281999999755,0-45 hour acc fcst,1.0,42-45 hour ave fcst,587.5422508799999,42-45 hour ave fcst,245.05808320000017,42-45 hour ave fcst
2022-03-30T00:00:00+00:00,48,simpson_lower,80253.76102836005,48 hour fcst,1881.8590177589072,48 hour fcst,271.36880847553755,48 hour fcst,72.69763238776005,48 hour fcst,1.935717342325498,48 hour fcst,0.6458876250274981,48 hour fcst,0.48295317004999605,42-48 hour acc fcst,1.0,42-48 hour ave fcst,618.5165002462342,42-48 hour ave fcst,215.34985124569803,42-48 hour ave fcst
2022-03-30T00:00:00+00:00,48,simpson_upper,80251.40175271193,48 hour fcst,1882.0056937835966,48 hour fcst,271.3591342002575,48 hour fcst,72.87473873539201,48 hour fcst,1.9189289756070962,48 hour fcst,0.7018569713155232,48 hour fcst,0.4666947544599986,42-48 hour acc fcst,1.0,42-48 hour ave fcst,620.3010187978289,42-48 hour ave fcst,214.704527007282,42-48 hour ave fcst
2022-03-30T00:00:00+00:00,48,bow_summit,76126.59346928724,48 hour fcst,2295.135431332288,48 hour fcst,267.6658480371535,48 hour fcst,70.284506601216,48 hour fcst,2.1970667629511,48 hour fcst,0.9542294014530991,48 hour fcst,0.6747886242399995,42-48 hour acc fcst,1.0,42-48 hour ave fcst,586.3544011783373,42-48 hour ave fcst,225.65851028046615,42-48 hour ave fcst
2022-03-30T00:00:00+00:00,48,bow_summit_plot,76128.272298632,48 hour fcst,2294.9694288879996,48 hour fcst,267.66639625193756,48 hour fcst,70.28874441599999,48 hour fcst,2.1970487570374995,48 hour fcst,0.9540697527874982,48 hour fcst,0.6748097399999994,42-48 hour acc fcst,1.0,42-48 hour ave fcst,586.3496137932799,42-48 hour ave fcst,225.66595413057811,42-48 hour ave fcst
2022-03-30T00:00:00+00:00,48,sunshine_village_ab_env,78453.2095455609,48 hour fcst,2056.5879388276353,48 hour fcst,270.3228060030095,48 hour fcst,70.74075913414399,48 hour fcst,1.8816409815750987,48 hour fcst,0.9144616800755005,48 hour fcst,0.9706445399800103,42-48 hour acc fcst,1.0,42-48 hour ave fcst,565.0408496093175,42-48 hour ave fcst,228.4167454707864,42-48 hour ave fcst
2022-03-30T00:00:00+00:00,48,sunshine_village_ab_env_plot,78342.73959540005,48 hour fcst,2066.996739479995,48 hour fcst,270.2934246359375,48 hour fcst,70.58682559999998,48 hour fcst,1.8701407634374974,48 hour fcst,0.9280115671874956,48 hour fcst,1.0910520000000017,42-48 hour acc fcst,1.0,42-48 hour ave fcst,555.1646233599997,42-48 hour ave fcst,231.0836578425784,42-48 hour ave fcst
2022-03-30T00:00:00+00:00,51,simpson_lower,80337.98946759367,51 hour fcst,1881.8590177589072,51 hour fcst,263.1307050395225,51 hour fcst,92.81021828832002,51 hour fcst,-0.41990896700351915,51 hour fcst,-0.9722591773890474,51 hour fcst,14.375326818549812,0-51 hour acc fcst,0.9440507207999999,48-51 hour ave fcst,107.97662921953614,48-51 hour ave fcst,200.3212184102452,48-51 hour ave fcst
2022-03-30T00:00:00+00:00,51,simpson_upper,80335.14375554105,51 hour fcst,1882.0056937835966,51 hour fcst,263.08351048379444,51 hour fcst,92.843384428544,51 hour fcst,-0.4361635092946823,51 hour fcst,-1.0206459065537592,51 hour fcst,14.198452370660167,0-51 hour acc fcst,0.9618920713600068,48-51 hour ave fcst,108.0931485445311,48-51 hour ave fcst,200.2867049246288,48-51 hour ave fcst
2022-03-30T00:00:00+00:00,51,bow_summit,76210.09654792614,51 hour fcst,2295.135431332288,51 hour fcst,259.55826430341045,51 hour fcst,95.17862182310394,51 hour fcst,1.0671995059885058,51 hour fcst,1.092232667103788,51 hour fcst,17.85069918439995,0-51 hour acc fcst,1.0,48-51 hour ave fcst,93.63088965248006,48-51 hour ave fcst,198.01153100555698,48-51 hour ave fcst
2022-03-30T00:00:00+00:00,51,bow_summit_plot,76211.771524944,51 hour fcst,2294.9694288879996,51 hour fcst,259.5580574245625,51 hour fcst,95.18674390399994,51 hour fcst,1.0664163838125045,51 hour fcst,1.0921489106749844,51 hour fcst,17.852264399999942,0-51 hour acc fcst,1.0,48-51 hour ave fcst,93.62221648000005,48-51 hour ave fcst,198.019917035125,48-51 hour ave fcst
2022-03-30T00:00:00+00:00,51,sunshine_village_ab_env,78552.45307216089,51 hour fcst,2056.5879388276353,51 hour fcst,260.8674353178585,51 hour fcst,92.76009210836801,51 hour fcst,0.7694368894317116,51 hour fcst,0.2807215517933969,51 hour fcst,20.54381489676002,0-51 hour acc fcst,1.0,48-51 hour ave fcst,101.60869435973112,48-51 hour ave fcst,195.536666562101,48-51 hour ave fcst
2022-03-30T00:00:00+00:00,51,sunshine_village_ab_env_plot,78444.16380040007,51 hour fcst,2066.996739479995,51 hour fcst,260.6797113765625,51 hour fcst,92.91736319999998,51 hour fcst,0.8913870878125041,51 hour fcst,0.32558808187493876,51 hour fcst,21.141673999999757,0-51 hour acc fcst,1.0,48-51 hour ave fcst,100.92490687999998,48-51 hour ave fcst,195.30717060312526,48-51 hour ave fcst
2022-03-30T00:00:00+00:00,54,simpson_lower,80373.36154959365,54 hour fcst,1881.8590177589072,54 hour fcst,259.69499391572504,54 hour fcst,96.29820080200004,54 hour fcst,-1.001709758607524,54 hour fcst,-1.1497452118593088,54 hour fcst,14.375326818549812,0-54 hour acc fcst,0.0,48-54 hour ave fcst,53.97519102832646,48-54 hour ave fcst,195.95805618888016,48-54 hour ave fcst
2022-03-30T00:00:00+00:00,54,simpson_upper,80370.60483594106,54 hour fcst,1882.0056937835966,54 hour fcst,259.563385864045,54 hour fcst,96.44110897840001,54 hour fcst,-1.0310749917514812,54 hour fcst,-1.2176544043488022,54 hour fcst,14.198452370660167,0-54 hour acc fcst,0.0,48-54 hour ave fcst,54.03306624012283,48-54 hour ave fcst,195.85033732169578,48-54 hour ave fcst
2022-03-30T00:00:00+00:00,54,bow_summit,76205.45295211137,54 hour fcst,2295.135431332288,54 hour fcst,259.318901876909,54 hour fcst,98.848967140224,54 hour fcst,0.7094381875157045,54 hour fcst,1.1691847498463341,54 hour fcst,17.908810726319953,0-54 hour acc fcst,0.9161599999999908,48-54 hour ave fcst,46.81814697953284,48-54 hour ave fcst,194.84888322188792,48-54 hour ave fcst
2022-03-30T00:00:00+00:00,54,bow_summit_plot,76207.11512336,54 hour fcst,2294.9694288879996,54 hour fcst,259.32195566212494,54 hour fcst,98.846845024,54 hour fcst,0.7082064135125015,54 hour fcst,1.1692750030687298,54 hour fcst,17.910452819999943,0-54 hour acc fcst,0.9175999999999931,48-54 hour ave fcst,46.81379809280003,48-54 hour ave fcst,194.86415948799993,48-54 hour ave fcst
2022-03-30T00:00:00+00:00,54,sunshine_village_ab_env,78581.39090124646,54 hour fcst,2056.5879388276353,54 hour fcst,258.69386395545297,54 hour fcst,95.48513381862399,54 hour fcst,0.4465592281125144,54 hour fcst,0.30772259013754644,54 hour fcst,20.54381489676002,0-54 hour acc fcst,0.27274225776000666,48-54 hour ave fcst,50.80195117961725,48-54 hour ave fcst,191.84613228596803,48-54 hour ave fcst
2022-03-30T00:00:00+00:00,54,sunshine_village_ab_env_plot,78473.92249360007,54 hour fcst,2066.996739479995,54 hour fcst,258.618407278125,54 hour fcst,95.42973760000004,54 hour fcst,0.6011585703125027,54 hour fcst,0.3914122254686609,54 hour fcst,21.141673999999757,0-54 hour acc fcst,0.35222400000000076,48-54 hour ave fcst,50.460239871999995,48-54 hour ave fcst,192.00152320000018,48-54 hour ave fcst
2022-03-30T00:00:00+00:00,57,simpson_lower,80387.06192813383,57 hour fcst,1881.8590177589072,57 hour fcst,258.43415446083253,57 hour fcst,98.09725731568008,57 hour fcst,-1.0307308170915273,57 hour fcst,-1.1704729201455568,57 hour fcst,14.375326818549812,0-57 hour acc fcst,0.0,54-57 hour ave fcst,0.0,54-57 hour ave fcst,182.62698183760008,54-57 hour ave fcst
2022-03-30T00:00:00+00:00,57,simpson_upper,80384.47030239855,57 hour fcst,1882.0056937835966,57 hour fcst,258.2939390740965,57 hour fcst,98.31680592825597,57 hour fcst,-1.0693931785042807,57 hour fcst,-1.240254150051056,57 hour fcst,14.198452370660167,0-57 hour acc fcst,0.0,54-57 hour ave fcst,0.0,54-57 hour ave fcst,182.44181218591984,54-57 hour ave fcst
2022-03-30T00:00:00+00:00,57,bow_summit,76214.77343971137,57 hour fcst,2295.135431332288,57 hour fcst,258.3273770940965,57 hour fcst,99.48878574387201,57 hour fcst,0.5817864213581051,57 hour fcst,0.7426878192960861,57 hour fcst,17.908810726319953,0-57 hour acc fcst,0.0,54-57 hour ave fcst,0.0,54-57 hour ave fcst,197.3091254338557,54-57 hour ave fcst
2022-03-30T00:00:00+00:00,57,bow_summit_plot,76216.44115336,57 hour fcst,2294.9694288879996,57 hour fcst,258.32962327931244,57 hour fcst,99.48727827199998,57 hour fcst,0.5804099234125017,57 hour fcst,0.7427467426624822,57 hour fcst,17.910452819999943,0-57 hour acc fcst,0.0,54-57 hour ave fcst,0.0,54-57 hour ave fcst,197.34060505599973,54-57 hour ave fcst
2022-03-30T00:00:00+00:00,57,sunshine_village_ab_env,78586.74939585754,57 hour fcst,2056.5879388276353,57 hour fcst,257.21530936643245,57 hour fcst,96.623788469232,57 hour fcst,0.457983823345314,57 hour fcst,0.19276036136969676,57 hour fcst,20.54381489676002,0-57 hour acc fcst,0.0,54-57 hour ave fcst,0.0,54-57 hour ave fcst,179.570964339408,54-57 hour ave fcst
2022-03-30T00:00:00+00:00,57,sunshine_village_ab_env_plot,78479.41333640006,57 hour fcst,2066.996739479995,57 hour fcst,257.0777756953124,57 hour fcst,96.60479680000009,57 hour fcst,0.6204899778124944,57 hour fcst,0.2793110690624122,57 hour fcst,21.141673999999757,0-57 hour acc fcst,0.0,54-57 hour ave fcst,0.0,54-57 hour ave fcst,179.61137920000007,54-57 hour ave fcst
2022-03-30T00:00:00+00:00,60,simpson_lower,80439.25629498056,60 hour fcst,1881.8590177589072,60 hour fcst,257.82114649385,60 hour fcst,98.46570267608004,60 hour fcst,-1.0365524900552823,60 hour fcst,-1.1240198789620555,60 hour fcst,14.375326818549812,0-60 hour acc fcst,0.0,54-60 hour ave fcst,0.0,54-60 hour ave fcst,183.12864078376012,54-60 hour ave fcst
2022-03-30T00:00:00+00:00,60,simpson_upper,80436.56741268437,60 hour fcst,1882.0056937835966,60 hour fcst,257.68701204216995,60 hour fcst,98.64867996393602,60 hour fcst,-1.0817074540520268,60 hour fcst,-1.1916852668003564,60 hour fcst,14.198452370660167,0-60 hour acc fcst,0.0,54-60 hour ave fcst,0.0,54-60 hour ave fcst,182.97572357859187,54-60 hour ave fcst
2022-03-30T00:00:00+00:00,60,bow_summit,76236.26125945768,60 hour fcst,2295.135431332288,60 hour fcst,257.29559771480996,60 hour fcst,99.722702471936,60 hour fcst,0.3499358576087565,60 hour fcst,1.1271331747131845,60 hour fcst,17.91319918439995,0-60 hour acc fcst,0.0,54-60 hour ave fcst,0.0,54-60 hour ave fcst,189.02902325107183,54-60 hour ave fcst
2022-03-30T00:00:00+00:00,60,bow_summit_plot,76237.928800464,60 hour fcst,2294.9694288879996,60 hour fcst,257.29552321625,60 hour fcst,99.722079136,60 hour fcst,0.3483384329687529,60 hour fcst,1.127288946949981,60 hour fcst,17.914764399999942,0-60 hour acc fcst,0.0,54-60 hour ave fcst,0.0,54-60 hour ave fcst,189.04498547199984,54-60 hour ave fcst
2022-03-30T00:00:00+00:00,60,sunshine_village_ab_env,78629.40178388236,60 hour fcst,2056.5879388276353,60 hour fcst,256.544759907802,60 hour fcst,98.50940646396802,60 hour fcst,0.6416881553031653,60 hour fcst,0.2725496218331981,60 hour fcst,20.54381489676002,0-60 hour acc fcst,0.0,54-60 hour ave fcst,0.0,54-60 hour ave fcst,179.35101030742402,54-60 hour ave fcst
2022-03-30T00:00:00+00:00,60,sunshine_village_ab_env_plot,78521.00725320005,60 hour fcst,2066.996739479995,60 hour fcst,256.43039745625003,60 hour fcst,98.53192320000007,60 hour fcst,0.8267523529687392,60 hour fcst,0.3681570237499159,60 hour fcst,21.141673999999757,0-60 hour acc fcst,0.0,54-60 hour ave fcst,0.0,54-60 hour ave fcst,179.24085760000008,54-60 hour ave fcst
2022-03-30T00:00:00+00:00,63,simpson_lower,80472.20455444038,63 hour fcst,1881.8590177589072,63 hour fcst,264.75112216452254,63 hour fcst,87.00996347808,63 hour fcst,0.20213794010922767,63 hour fcst,0.272362133063484,63 hour fcst,14.375326818549812,0-63 hour acc fcst,0.0,60-63 hour ave fcst,56.61235451167996,60-63 hour ave fcst,183.08450564992262,60-63 hour ave fcst
2022-03-30T00:00:00+00:00,63,simpson_upper,80469.46385142687,63 hour fcst,1882.0056937835966,63 hour fcst,264.69861640879446,63 hour fcst,87.19685374233609,63 hour fcst,0.16987606799886568,63 hour fcst,0.25959417254671496,63 hour fcst,14.198452370660167,0-63 hour acc fcst,0.0,60-63 hour ave fcst,56.566750131456054,60-63 hour ave fcst,183.01187416947434,60-63 hour ave fcst
2022-03-30T00:00:00+00:00,63,bow_summit,76247.79897893083,63 hour fcst,2295.135431332288,63 hour fcst,262.6850694332745,63 hour fcst,93.25724368166401,63 hour fcst,0.9397954135828508,63 hour fcst,1.481770643218694,63 hour fcst,17.91319918439995,0-63 hour acc fcst,0.0,60-63 hour ave fcst,54.07010932392961,60-63 hour ave fcst,173.71053482048254,60-63 hour ave fcst
2022-03-30T00:00:00+00:00,63,bow_summit_plot,76249.470824016,63 hour fcst,2294.9694288879996,63 hour fcst,262.68627821356245,63 hour fcst,93.257274464,63 hour fcst,0.9390155473812484,63 hour fcst,1.481574825887491,63 hour fcst,17.914764399999942,0-63 hour acc fcst,0.0,60-63 hour ave fcst,54.0688138496,60-63 hour ave fcst,173.71021014656253,60-63 hour ave fcst
2022-03-30T00:00:00+00:00,63,sunshine_village_ab_env,78657.2310359072,63 hour fcst,2056.5879388276353,63 hour fcst,263.51644709535447,63 hour fcst,90.00712992172805,63 hour fcst,1.126361502056457,63 hour fcst,0.5501603000314969,63 hour fcst,20.54381489676002,0-63 hour acc fcst,0.0,60-63 hour ave fcst,58.022009630256,60-63 hour ave fcst,178.01072207001846,60-63 hour ave fcst
2022-03-30T00:00:00+00:00,63,sunshine_village_ab_env_plot,78548.29749000006,63 hour fcst,2066.996739479995,63 hour fcst,263.3350649015625,63 hour fcst,90.45910720000003,63 hour fcst,1.2364919057812287,63 hour fcst,0.5574336546874704,63 hour fcst,21.141673999999757,0-63 hour acc fcst,0.0,60-63 hour ave fcst,58.12269439999992,60-63 hour ave fcst,177.6291466265626,60-63 hour ave fcst
2022-03-30T00:00:00+00:00,66,simpson_lower,80450.26694427975,66 hour fcst,1881.8590177589072,66 hour fcst,269.58694960276506,66 hour fcst,78.29595314503999,66 hour fcst,1.272903287750991,66 hour fcst,1.4777477648365032,66 hour fcst,14.375326818549812,0-66 hour acc fcst,0.0,60-66 hour ave fcst,273.64184230335985,60-66 hour ave fcst,187.92547020712013,60-66 hour ave fcst
2022-03-30T00:00:00+00:00,66,simpson_upper,80447.589780797,66 hour fcst,1882.0056937835966,66 hour fcst,269.55207370681296,66 hour fcst,78.55315320636812,66 hour fcst,1.266984367234209,66 hour fcst,1.4864460006332993,66 hour fcst,14.198452370660167,0-66 hour acc fcst,0.0,60-66 hour ave fcst,273.6084734149121,60-66 hour ave fcst,187.84799112150387,60-66 hour ave fcst
2022-03-30T00:00:00+00:00,66,bow_summit,76213.04262423822,66 hour fcst,2295.135431332288,66 hour fcst,266.51943662812505,66 hour fcst,79.42770627315197,66 hour fcst,1.825235803640599,66 hour fcst,2.0550596296412986,66 hour fcst,17.96115397631995,0-66 hour acc fcst,0.0,60-66 hour ave fcst,267.2511725624115,60-66 hour ave fcst,179.450847604864,60-66 hour ave fcst
2022-03-30T00:00:00+00:00,66,bow_summit_plot,76214.717649808,66 hour fcst,2294.9694288879996,66 hour fcst,266.51990382812505,66 hour fcst,79.43374355199998,66 hour fcst,1.825153994974998,66 hour fcst,2.0548094716124976,66 hour fcst,17.962777819999943,0-66 hour acc fcst,0.0,60-66 hour ave fcst,267.24375831552,60-66 hour ave fcst,179.45493766400003,60-66 hour ave fcst
2022-03-30T00:00:00+00:00,66,sunshine_village_ab_env,78633.94132572095,66 hour fcst,2056.5879388276353,66 hour fcst,268.78709276321297,66 hour fcst,79.23680754844798,66 hour fcst,1.5510110351510011,66 hour fcst,1.2219614165100956,66 hour fcst,20.54381489676002,0-66 hour acc fcst,0.0,60-66 hour ave fcst,276.3382956413491,60-66 hour ave fcst,183.192495308368,60-66 hour ave fcst
2022-03-30T00:00:00+00:00,66,sunshine_village_ab_env_plot,78523.56719400006,66 hour fcst,2066.996739479995,66 hour fcst,268.75891502812505,66 hour fcst,79.24091519999999,66 hour fcst,1.589523009374983,66 hour fcst,1.1641391228125033,66 hour fcst,21.141673999999757,0-66 hour acc fcst,0.0,60-66 hour ave fcst,276.5856122879998,60-66 hour ave fcst,182.80840320000016,60-66 hour ave fcst
2022-03-30T00:00:00+00:00,69,simpson_lower,80368.95197403878,69 hour fcst,1881.8590177589072,69 hour fcst,271.4258157746401,69 hour fcst,73.27921906383992,69 hour fcst,1.3344920414344905,69 hour fcst,1.4664622375282454,69 hour fcst,14.49682998859981,0-69 hour acc fcst,0.9440507207999999,66-69 hour ave fcst,701.3942815932966,66-69 hour ave fcst,224.12409492867863,66-69 hour ave fcst
2022-03-30T00:00:00+00:00,69,simpson_upper,80366.62281745218,69 hour fcst,1882.0056937835966,69 hour fcst,271.39473187868794,69 hour fcst,73.48867309932818,69 hour fcst,1.3406450429849144,69 hour fcst,1.4528296390786506,69 hour fcst,14.321070625120168,0-69 hour acc fcst,0.9618920713600068,66-69 hour ave fcst,701.2945039511226,66-69 hour ave fcst,224.11403112575087,66-69 hour ave fcst
2022-03-30T00:00:00+00:00,69,bow_summit,76161.16118521875,69 hour fcst,2295.135431332288,69 hour fcst,267.74042153292805,69 hour fcst,81.28618561945596,69 hour fcst,2.1560644111928977,69 hour fcst,2.01699954045785,69 hour fcst,18.033810726319953,0-69 hour acc fcst,0.9297846707199925,66-69 hour ave fcst,700.251083832781,66-69 hour ave fcst,216.9514924787427,66-69 hour ave fcst
2022-03-30T00:00:00+00:00,69,bow_summit_plot,76162.843164152,69 hour fcst,2294.9694288879996,69 hour fcst,267.740738528,69 hour fcst,81.29191065599997,69 hour fcst,2.156206186962497,69 hour fcst,2.016757594256249,69 hour fcst,18.035452819999943,0-69 hour acc fcst,0.9310147199999945,66-69 hour ave fcst,700.2034849407999,66-69 hour ave fcst,216.97565508571876,66-69 hour ave fcst
2022-03-30T00:00:00+00:00,69,sunshine_village_ab_env,78562.06297039814,69 hour fcst,2056.5879388276353,69 hour fcst,270.245918792848,69 hour fcst,76.528786021456,69 hour fcst,1.750989073364102,69 hour fcst,1.57413107604345,69 hour fcst,20.65176850565002,0-69 hour acc fcst,1.0,66-69 hour ave fcst,674.7713350389022,66-69 hour ave fcst,230.92298145213482,66-69 hour ave fcst
2022-03-30T00:00:00+00:00,69,sunshine_village_ab_env_plot,78450.88314060005,69 hour fcst,2066.996739479995,69 hour fcst,270.21051520000003,69 hour fcst,76.55773439999993,69 hour fcst,1.796109316562486,69 hour fcst,1.5713587526562498,69 hour fcst,21.244659999999755,0-69 hour acc fcst,1.0,66-69 hour ave fcst,672.9547097599998,66-69 hour ave fcst,231.39883166171884,66-69 hour ave fcst
2022-03-30T00:00:00+00:00,72,simpson_lower,80337.88913696582,72 hour fcst,1881.8590177589072,72 hour fcst,271.4878962565051,72 hour fcst,75.96465207295988,72 hour fcst,1.552803822256745,72 hour fcst,1.192657732766495,72 hour fcst,0.18818509009999837,66-72 hour acc fcst,0.9440507207999999,66-72 hour ave fcst,560.2860613131907,66-72 hour ave fcst,239.85046001823994,66-72 hour ave fcst
2022-03-30T00:00:00+00:00,72,simpson_upper,80335.48548205294,72 hour fcst,1882.0056937835966,72 hour fcst,271.47429436572094,72 hour fcst,76.00374479923214,72 hour fcst,1.5607546108183594,72 hour fcst,1.1869153483393042,72 hour fcst,0.1874142589200017,66-72 hour acc fcst,0.9618920713600068,66-72 hour ave fcst,560.6494680480714,66-72 hour ave fcst,239.676262199808,66-72 hour ave fcst
2022-03-30T00:00:00+00:00,72,bow_summit,76153.62944847246,72 hour fcst,2295.135431332288,72 hour fcst,267.67093066684106,72 hour fcst,83.15331679756797,72 hour fcst,2.0306316439415495,72 hour fcst,1.6707006550304981,72 hour fcst,0.24646308383999965,66-72 hour acc fcst,1.0,66-72 hour ave fcst,561.9735336742299,66-72 hour ave fcst,233.51449497062396,66-72 hour ave fcst
2022-03-30T00:00:00+00:00,72,bow_summit_plot,76155.311632048,72 hour fcst,2294.9694288879996,72 hour fcst,267.671161681625,72 hour fcst,83.16071116799998,72 hour fcst,2.0305975757687484,72 hour fcst,1.670622107062497,72 hour fcst,0.24652683999999975,66-72 hour acc fcst,1.0,66-72 hour ave fcst,561.92912498176,66-72 hour ave fcst,233.53565542399997,66-72 hour ave fcst
2022-03-30T00:00:00+00:00,72,sunshine_village_ab_env,78538.08576018573,72 hour fcst,2056.5879388276353,72 hour fcst,270.220175955369,72 hour fcst,79.50606954318401,72 hour fcst,1.8034592338999516,72 hour fcst,1.3451664727600998,72 hour fcst,0.2469724677800002,66-72 hour acc fcst,1.0,66-72 hour ave fcst,543.9414450632139,66-72 hour ave fcst,244.30923098137606,66-72 hour ave fcst
2022-03-30T00:00:00+00:00,72,sunshine_village_ab_env_plot,78427.81977720006,72 hour fcst,2066.996739479995,72 hour fcst,270.148322865625,72 hour fcst,79.74484159999989,72 hour fcst,1.8358609229687401,72 hour fcst,1.3461767790624972,72 hour fcst,0.24962199999999943,66-72 hour acc fcst,1.0,66-72 hour ave fcst,542.029230592,66-72 hour ave fcst,244.88402240000005,66-72 hour ave fcst
